Study ID,Visit Number,Species Code,Method
W24,1,SWSP,PC
W24,1,OVEN,PC
W24,1,EAPH,PC
W24,1,EAWP,PC
W24,1,GCFL,PC
W24,1,COGR,PC
W24,1,MODO,PC
W24,1,RWBL,PC
W24,1,REVI,PC
W24,1,BCCH,PC
W24,1,BTGW,PC
W24,1,BLJA,PC
W24,1,AMCR,PC
W24,1,SOSP,PC
W24,1,PIWO,PC
W24,1,BHCO,PC
W24,1,HETH,PC
W24,1,AMRO,PC
W25,1,GCFL,PC
W25,1,REVI,PC
W25,1,MODO,PC
W25,1,BLJA,PC
W25,1,YBSA,PC
W25,1,EAWP,PC
W25,1,BBCU,PC
W25,1,COGR,PC
W25,1,BCCH,PC
W25,1,RWBL,PC
W25,1,CHSP,PC
W25,1,HAWO,PC
W25,1,SOSP,PC
W26,1,EAWP,PC
W26,1,GCFL,PC
W26,1,NOFL,PC
W26,1,REVI,PC
W26,1,BCCH,PC
W26,1,CEDW,PC
W26,1,RBGR,PC
W26,1,AMRO,PC
W26,1,BLJA,PC
W26,1,RTHU,PC
W26,1,NOCA,PC
W26,1,BBCU,PC
W26,1,OVEN,PC
W26,1,WBNU,PC
S05,1,RWBL,PC
S05,1,SOSP,PC
S05,1,YEWA,PC
S05,1,COGR,PC
S05,1,EUST,PC
S05,1,AMGO,PC
S05,1,AMRO,PC
S05,1,KILL,PC
S05,1,BLJA,PC
S05,1,MODO,PC
S05,1,CHSP,PC
S05,1,SPSA,PC
S04,1,RWBL,PC
S04,1,WAVI,PC
S04,1,MALL,PC
S04,1,HOFI,PC
S04,1,SOSP,PC
S04,1,YEWA,PC
S04,1,GRCA,PC
S04,1,AMGO,PC
S04,1,NOCA,PC
S04,1,CEDW,PC
S04,1,AMRO,PC
S04,1,COGR,PC
S04,1,BLJA,PC
S04,1,MODO,PC
W08,1,RWBL,PC
W08,1,COYE,PC
W08,1,SWSP,PC
W08,1,OVEN,PC
W08,1,EAWP,PC
W08,1,EAKI,PC
W08,1,WIFL,PC
W08,1,BCCH,PC
W08,1,DOWO,PC
W08,1,REVI,PC
W08,1,NOFL,PC
W08,1,COGR,PC
W08,1,RBGR,PC
W08,1,YEWA,PC
W08,1,AMGO,PC
W08,1,BLJA,PC
W08,1,SOSP,PC
W08,1,NOCA,PC
W08,1,WBNU,PC
W08,1,GRCA,PC
S25,1,COYE,PC
S25,1,GRCA,PC
S25,1,WBNU,PC
S25,1,AMRO,PC
S25,1,YEWA,PC
S25,1,WIFL,PC
S25,1,NOCA,PC
S25,1,SOSP,PC
S25,1,BLJA,PC
S25,1,YBSA,PC
S25,1,BCCH,PC
S25,1,RWBL,PC
S25,1,RBGR,PC
S26,1,GBHE,PC
S26,1,RWBL,PC
S26,1,MALL,PC
S26,1,EUST,PC
S26,1,SOSP,PC
S26,1,RBGR,PC
S26,1,AMRO,PC
S26,1,YEWA,PC
S26,1,BCCH,PC
S26,1,COGR,PC
S26,1,AMGO,PC
S26,1,CHSP,PC
W29,1,RWBL,PC
W29,1,WIFL,PC
W29,1,COGR,PC
W29,1,BCCH,PC
W29,1,NOFL,PC
W29,1,AMCR,PC
W29,1,WAVI,PC
W29,1,AMGO,PC
W29,1,YEWA,PC
W29,1,GCFL,PC
W29,1,AMRO,PC
W29,1,BAOR,PC
W29,1,SWSP,PC
W29,1,KILL,PC
W29,1,EAKI,PC
W29,1,NOCA,PC
W29,1,CHSP,PC
W29,1,BLJA,PC
W29,1,NOHA,PC
W29,1,GRHE,PC
W29,1,SOSP,PC
W01,1,AMBI,PC
W01,1,WIFL,PC
W01,1,RWBL,PC
W01,1,REVI,PC
W01,1,BAWW,PC
W01,1,OVEN,PC
W01,1,WBNU,PC
W01,1,WIWR,PC
W01,1,YEWA,PC
W01,1,COYE,PC
W01,1,COGR,PC
W01,1,GRCA,PC
W01,1,MALL,PC
W01,1,SWSP,PC
W01,1,BTGW,PC
W01,1,NOFL,PC
W01,1,EAKI,PC
S11,1,WIFL,PC
S11,1,MALL,PC
S11,1,SOSP,PC
S11,1,CHSP,PC
S11,1,HAWO,PC
S11,1,AMGO,PC
S11,1,YEWA,PC
S11,1,GRCA,PC
S11,1,WODU,PC
S11,1,NOCA,PC
S11,1,COYE,PC
S11,1,BCCH,PC
S11,1,EAKI,PC
S11,1,RWBL,PC
S11,1,AMRO,PC
S11,1,HOFI,PC
S11,1,MODO,PC
S11,1,EAPH,PC
S11,1,BAOR,PC
S29,1,BOBO,PC
S29,1,RWBL,PC
S29,1,YEWA,PC
S29,1,SOSP,PC
S29,1,COYE,PC
S29,1,EUST,PC
S29,1,AMRO,PC
S29,1,GRCA,PC
S29,1,AMGO,PC
S29,1,WIFL,PC
W16,1,HOME,PC
W16,1,WODU,PC
W16,1,NOCA,PC
W16,1,WIFL,PC
W16,1,YEWA,PC
W16,1,SOSP,PC
W16,1,AMGO,PC
W16,1,CEDW,PC
W16,1,GRCA,PC
W16,1,BLJA,PC
W16,1,BCCH,PC
W16,1,CHSP,PC
W16,1,EAWP,PC
W16,1,AMRO,PC
W16,1,AMCR,PC
W16,1,COYE,PC
S24,1,WODU,PC
S24,1,WBNU,PC
S24,1,AMCR,PC
S24,1,BLJA,PC
S24,1,SOSP,PC
S24,1,COYE,PC
S24,1,BCCH,PC
S24,1,YEWA,PC
S24,1,GCFL,PC
S24,1,BAWW,PC
S24,1,EUST,PC
S24,1,AMRO,PC
S24,1,GRCA,PC
S24,1,NOWA,PC
S23,1,SOSP,PC
S23,1,AMCR,PC
S23,1,YEWA,PC
S23,1,NOCA,PC
S23,1,BLJA,PC
S23,1,AMRO,PC
S23,1,GCFL,PC
S23,1,REVI,PC
S23,1,BCCH,PC
S23,1,AMRE,PC
S23,1,COYE,PC
S23,1,AMGO,PC
S23,1,WAVI,PC
S23,1,CEDW,PC
S23,1,DOWO,PC
S23,1,GRCA,PC
S22,1,NOCA,PC
S22,1,VEER,PC
S22,1,WIFL,PC
S22,1,SOSP,PC
S22,1,AMCR,PC
S22,1,RWBL,PC
S22,1,KILL,PC
S22,1,YEWA,PC
S22,1,BAWW,PC
S22,1,AMGO,PC
S22,1,WBNU,PC
S22,1,SASP,PC
S22,1,COGR,PC
S22,1,EUST,PC
S22,1,MODO,PC
S22,1,RUGR,PC
S22,1,COYE,PC
S22,1,WITU,PC
S22,1,AMRO,PC
S22,1,RBGR,PC
W30,1,RWBL,PC
W30,1,MALL,PC
W30,1,CANG,PC
W30,1,AMRO,PC
W30,1,WAVI,PC
W30,1,NOCA,PC
W30,1,KILL,PC
W30,1,COGR,PC
W30,1,COYE,PC
W30,1,RBGU,PC
W30,1,CEDW,PC
W30,1,BLJA,PC
W30,1,COGA,PC
S17,1,CANG,PC
S17,1,AMRE,PC
S17,1,AMGO,PC
S17,1,YEWA,PC
S17,1,WAVI,PC
S17,1,RWBL,PC
S17,1,NOFL,PC
S17,1,NOCA,PC
S17,1,SOSP,PC
S17,1,CEDW,PC
S17,1,MALL,PC
S17,1,EUST,PC
S17,1,COGR,PC
S17,1,BCCH,PC
S17,1,REVI,PC
S27,1,NOCA,PC
S27,1,RWBL,PC
S27,1,COGR,PC
S27,1,NOFL,PC
S27,1,COYE,PC
S27,1,CHSP,PC
S27,1,EUST,PC
S27,1,WODU,PC
S27,1,SOSP,PC
S27,1,AMRO,PC
S27,1,YEWA,PC
S27,1,CEDW,PC
S27,1,AMGO,PC
S27,1,OVEN,PC
S27,1,WBNU,PC
S27,1,FISP,PC
S27,1,SWSP,PC
S27,1,KILL,PC
W28,1,RWBL,PC
W28,1,WIFL,PC
W28,1,VEER,PC
W28,1,NOCA,PC
W28,1,SOSP,PC
W28,1,YEWA,PC
W28,1,GCFL,PC
W28,1,COGR,PC
W28,1,BCCH,PC
W28,1,CEDW,PC
W28,1,AMRE,PC
W28,1,MODO,PC
W28,1,BLJA,PC
W28,1,GRCA,PC
W28,1,AMRO,PC
W28,1,REVI,PC
W28,1,COYE,PC
W18,1,EAKI,PC
W18,1,YEWA,PC
W18,1,WAVI,PC
W18,1,CEDW,PC
W18,1,COYE,PC
W18,1,RWBL,PC
W18,1,AMRO,PC
W18,1,RBGR,PC
W18,1,SOSP,PC
W18,1,GCFL,PC
W18,1,GRCA,PC
W18,1,AMGO,PC
W18,1,MODO,PC
W18,1,EAPH,PC
W18,1,BLJA,PC
W18,1,HAWO,PC
W18,1,WIFL,PC
W17,1,AMCR,PC
W17,1,COYE,PC
W17,1,REVI,PC
W17,1,EAWP,PC
W17,1,OVEN,PC
W17,1,HOWR,PC
W17,1,CEDW,PC
W17,1,GCFL,PC
W17,1,AMGO,PC
W17,1,SOSP,PC
W17,1,YEWA,PC
W17,1,PIWO,PC
W17,1,WTSP,PC
W17,1,BBCU,PC
W17,1,VEER,PC
W17,1,YBSA,PC
W17,1,BCCH,PC
S01,1,MODO,PC
S01,1,RWBL,PC
S01,1,NOCA,PC
S01,1,EAWP,PC
S01,1,SOSP,PC
S01,1,EAKI,PC
S01,1,REVI,PC
S01,1,BLJA,PC
S01,1,BCCH,PC
S01,1,COGR,PC
S01,1,AMRO,PC
S01,1,GRCA,PC
S01,1,CEDW,PC
S01,1,DOWO,PC
S01,1,BOBO,PC
S01,1,AMGO,PC
S12,1,AMRE,PC
S12,1,YEWA,PC
S12,1,CEDW,PC
S12,1,REVI,PC
S12,1,BLJA,PC
S12,1,AMCR,PC
S12,1,AMRO,PC
S12,1,RWBL,PC
S12,1,NOCA,PC
S12,1,AMGO,PC
S12,1,GRHE,PC
S12,1,BCCH,PC
S12,1,SOSP,PC
S12,1,PIWO,PC
S12,1,DOWO,PC
S12,1,MALL,PC
S21,1,RWBL,PC
S21,1,COGR,PC
S21,1,AMRO,PC
S21,1,EUST,PC
S21,1,RBGU,PC
S21,1,AMGO,PC
S21,1,CEDW,PC
S21,1,COYE,PC
S16,1,COGR,PC
S16,1,RWBL,PC
S16,1,SOSP,PC
S16,1,AMRE,PC
S16,1,MODO,PC
S16,1,CHSP,PC
S16,1,MALL,PC
S16,1,EUST,PC
S16,1,AMCR,PC
S16,1,AMRO,PC
S16,1,AMGO,PC
S16,1,NOCA,PC
S16,1,WAVI,PC
W07,1,AMRE,PC
W07,1,CEDW,PC
W07,1,WAVI,PC
W07,1,SOSP,PC
W07,1,RWBL,PC
W07,1,EAKI,PC
W07,1,BCCH,PC
W07,1,AMRO,PC
W07,1,YEWA,PC
W07,1,GRCA,PC
W07,1,COYE,PC
W07,1,BAOR,PC
W07,1,COGR,PC
W07,1,HOWR,PC
W07,1,NOCA,PC
W07,1,AMGO,PC
W07,1,SPSA,PC
W23,1,RWBL,PC
W23,1,CANG,PC
W23,1,MALL,PC
W23,1,BWTE,PC
W23,1,COGR,PC
W23,1,NOCA,PC
W23,1,BAOR,PC
W23,1,SOSP,PC
W23,1,SPSA,PC
W23,1,SWSP,PC
W23,1,AMRE,PC
W23,1,YEWA,PC
W23,1,AMGO,PC
W23,1,WAVI,PC
W23,1,AMCR,PC
W23,1,COYE,PC
W23,1,WIFL,PC
W23,1,GREG,PC
W19,1,GCFL,PC
W19,1,YRWA,PC
W19,1,COYE,PC
W19,1,RWBL,PC
W19,1,VEER,PC
W19,1,YEWA,PC
W19,1,BLJA,PC
W19,1,REVI,PC
W19,1,OVEN,PC
W19,1,BBCU,PC
W19,1,YBSA,PC
W19,1,AMRE,PC
W19,1,EAWP,PC
W19,1,RBGR,PC
W19,1,WOTH,PC
W11,1,RWBL,PC
W11,1,YEWA,PC
W11,1,COYE,PC
W11,1,SOSP,PC
W11,1,EAWP,PC
W11,1,COGR,PC
W11,1,GRCA,PC
W11,1,PIWO,PC
W11,1,AMRE,PC
W11,1,VEER,PC
W11,1,BLJA,PC
W11,1,RBGR,PC
W11,1,WAVI,PC
W11,1,CEDW,PC
W11,1,SORA,PC
W11,1,REVI,PC
W27,1,RWBL,PC
W27,1,GBHE,PC
W27,1,COYE,PC
W27,1,REVI,PC
W27,1,CANG,PC
W27,1,VEER,PC
W27,1,EAKI,PC
W27,1,MODO,PC
W27,1,COGR,PC
W27,1,RBGR,PC
W27,1,BLJA,PC
W27,1,WAVI,PC
W27,1,AMGO,PC
W27,1,GRCA,PC
W27,1,YBSA,PC
W27,1,RTHU,PC
S19,1,GREG,PC
S19,1,YEWA,PC
S19,1,WAVI,PC
S19,1,AMCR,PC
S19,1,GBHE,PC
S19,1,SOSP,PC
S19,1,NOFL,PC
S19,1,BLJA,PC
S19,1,RWBL,PC
S19,1,COGR,PC
S19,1,KILL,PC
S19,1,BHCO,PC
S19,1,GRHE,PC
S19,1,BCCH,PC
S19,1,SWSP,PC
S19,1,MODO,PC
S19,1,CANG,PC
S19,1,AMGO,PC
S19,1,YRWA,PC
S19,1,BAOR,PC
S19,1,NOCA,PC
S19,1,GCFL,PC
S03,1,RWBL,PC
S03,1,WIFL,PC
S03,1,YEWA,PC
S03,1,NOCA,PC
S03,1,AMRO,PC
S03,1,AMGO,PC
S03,1,AMCR,PC
S03,1,MODO,PC
S03,1,CEDW,PC
S03,1,COGR,PC
S03,1,COYE,PC
S03,1,BCCH,PC
S03,1,GRCA,PC
S03,1,SWSP,PC
S03,1,SOSP,PC
S03,1,EUST,PC
S03,1,GCFL,PC
W13,1,WIFL,PC
W13,1,RWBL,PC
W13,1,YEWA,PC
W13,1,BCCH,PC
W13,1,BLJA,PC
W13,1,AMGO,PC
W13,1,MAWR,PC
W13,1,SOSP,PC
W13,1,LEFL,PC
W13,1,CEDW,PC
W13,1,NOCA,PC
W13,1,GRCA,PC
W13,1,AMRO,PC
W13,1,CHSP,PC
W13,1,LEBI,PC
W13,1,AMCR,PC
W13,1,SWSP,PC
W13,1,SORA,PC
W13,1,WAVI,PC
W13,1,REVI,PC
W13,1,AMRE,PC
W13,1,BAOR,PC
W12,1,BLJA,PC
W12,1,YEWA,PC
W12,1,RWBL,PC
W12,1,BAOR,PC
W12,1,WAVI,PC
W12,1,SWSP,PC
W12,1,LEFL,PC
W12,1,ALFL,PC
W12,1,MAWR,PC
W12,1,AMBI,PC
W12,1,COGR,PC
W12,1,AMRO,PC
W12,1,AMCR,PC
W12,1,CEDW,PC
W12,1,BCCH,PC
W12,1,GRCA,PC
W12,1,LEBI,PC
W12,1,WOTH,PC
W05,1,RWBL,PC
W05,1,COYE,PC
W05,1,WIFL,PC
W05,1,LEBI,PC
W05,1,SWSP,PC
W05,1,MAWR,PC
W05,1,SOSP,PC
W05,1,YEWA,PC
W05,1,AMWO,PC
W05,1,BLJA,PC
W05,1,GRCA,PC
W05,1,NOFL,PC
W05,1,WBNU,PC
W05,1,VIRA,PC
W05,1,BEKI,PC
W05,1,BCCH,PC
W05,1,BBCU,PC
W05,1,BAWW,PC
W05,1,EAWP,PC
W20,1,WIFL,PC
W20,1,RWBL,PC
W20,1,RBGR,PC
W20,1,BCCH,PC
W20,1,SOSP,PC
W20,1,WOTH,PC
W20,1,SWSP,PC
W20,1,COGR,PC
W20,1,YBSA,PC
W20,1,BLJA,PC
W20,1,MODO,PC
W20,1,AMRE,PC
W20,1,CHSP,PC
W20,1,COYE,PC
W20,1,YEWA,PC
W20,1,GRCA,PC
W20,1,WBNU,PC
W20,1,BBCU,PC
W20,1,WTSP,PC
W20,1,VEER,PC
W20,1,YRWA,PC
W20,1,WODU,PC
S18,1,WAVI,PC
S18,1,CEDW,PC
S18,1,SOSP,PC
S18,1,RWBL,PC
S18,1,KILL,PC
S18,1,YEWA,PC
S18,1,AMGO,PC
S18,1,EUST,PC
S18,1,BCCH,PC
S18,1,GRCA,PC
S18,1,AMRO,PC
S18,1,CANG,PC
S20,1,RWBL,PC
S20,1,AMRE,PC
S20,1,SOSP,PC
S20,1,AMRO,PC
S20,1,NOCA,PC
S20,1,CEDW,PC
S20,1,AMCR,PC
S20,1,BCCH,PC
S20,1,EUST,PC
S20,1,CHSP,PC
S20,1,EAPH,PC
S15,1,RWBL,PC
S15,1,SOSP,PC
S15,1,YEWA,PC
S15,1,AMRO,PC
S15,1,COGR,PC
S15,1,CEDW,PC
S15,1,AMCR,PC
S15,1,NOCA,PC
S15,1,AMGO,PC
S15,1,BLJA,PC
S15,1,CHSP,PC
S13,1,MALL,PC
S13,1,BCCH,PC
S13,1,CANG,PC
S13,1,AMRO,PC
S13,1,RODO,PC
S13,1,GRHE,PC
S13,1,SOSP,PC
S13,1,NOCA,PC
S13,1,AMCR,PC
S13,1,AMGO,PC
S13,1,COHA,PC
S13,1,CORA,PC
S14,1,RWBL,PC
S14,1,CANG,PC
S14,1,YEWA,PC
S14,1,AMRO,PC
S14,1,AMRE,PC
S14,1,WAVI,PC
S14,1,RBGU,PC
S14,1,SOSP,PC
S14,1,COGR,PC
S14,1,NOCA,PC
S14,1,CEDW,PC
S14,1,BLJA,PC
S14,1,REVI,PC
S14,1,HOFI,PC
S30,1,RWBL,PC
S30,1,CHSP,PC
S30,1,MODO,PC
S30,1,AMRO,PC
S30,1,COGR,PC
S30,1,WAVI,PC
S30,1,AMCR,PC
S30,1,SWSP,PC
S30,1,NOCA,PC
S30,1,BLJA,PC
S30,1,SOSP,PC
S30,1,BAOR,PC
S30,1,CORA,PC
S30,1,AMGO,PC
S02,1,AMRO,PC
S02,1,BLJA,PC
S02,1,RWBL,PC
S02,1,SOSP,PC
S02,1,AMGO,PC
S02,1,REVI,PC
S02,1,EAWP,PC
S02,1,COGR,PC
S02,1,EUST,PC
S02,1,EAPH,PC
S02,1,CEDW,PC
S02,1,HOFI,PC
S06,1,COGR,PC
S06,1,SOSP,PC
S06,1,COYE,PC
S06,1,EUST,PC
S06,1,SWSP,PC
S06,1,YEWA,PC
S06,1,AMCR,PC
S06,1,BAOR,PC
S06,1,GRCA,PC
S06,1,AMGO,PC
S06,1,RWBL,PC
S06,1,EAKI,PC
S07,1,RWBL,PC
S07,1,MALL,PC
S07,1,AMRO,PC
S07,1,SWSP,PC
S07,1,AMCR,PC
S07,1,SOSP,PC
S07,1,COGR,PC
S07,1,CEDW,PC
S07,1,AMGO,PC
S07,1,NOFL,PC
S07,1,GRCA,PC
S08,1,MALL,PC
S08,1,GREG,PC
S08,1,RWBL,PC
S08,1,NOCA,PC
S08,1,EUST,PC
S08,1,COGR,PC
S08,1,AMGO,PC
S08,1,SOSP,PC
S08,1,AMRO,PC
S08,1,BEKI,PC
S08,1,MODO,PC
S09,1,RWBL,PC
S09,1,BCCH,PC
S09,1,SOSP,PC
S09,1,COGR,PC
S09,1,AMRO,PC
S09,1,NOCA,PC
S09,1,HOFI,PC
S09,1,AMGO,PC
S09,1,AMCR,PC
S09,1,BEKI,PC
S09,1,EUST,PC
S09,1,CEDW,PC
S09,1,CHSP,PC
S09,1,DOWO,PC
S09,1,WTSP,PC
S09,1,MODO,PC
S10,1,AMRO,PC
S10,1,SOSP,PC
S10,1,EUST,PC
S10,1,KILL,PC
S10,1,AMGO,PC
S10,1,COGR,PC
S10,1,HOFI,PC
S10,1,CHSP,PC
S10,1,CEDW,PC
S10,1,RWBL,PC
S10,1,HOWR,PC
W31,1,GRCA,PC
W31,1,BLJA,PC
W31,1,RWBL,PC
W31,1,COGR,PC
W31,1,SOSP,PC
W31,1,YEWA,PC
W31,1,BAOR,PC
W31,1,AMCR,PC
W31,1,COYE,PC
W31,1,MODO,PC
W31,1,SWSP,PC
W31,1,EUST,PC
W31,1,HOWR,PC
W31,1,WIFL,PC
W31,1,AMGO,PC
W31,1,AMRO,PC
W31,1,MAWR,PC
W31,1,SASP,PC
W31,1,BCCH,PC
W31,1,NOCA,PC
W31,1,EAWP,PC
W04,1,SWSP,PC
W04,1,GRCA,PC
W04,1,MAWR,PC
W04,1,NOWA,PC
W04,1,VEER,PC
W04,1,YEWA,PC
W04,1,COYE,PC
W04,1,RWBL,PC
W04,1,AMCR,PC
W04,1,BCCH,PC
W04,1,HAWO,PC
W04,1,CEDW,PC
W04,1,SOSP,PC
W04,1,GCFL,PC
W04,1,MODO,PC
W04,1,EAKI,PC
W04,1,BAOR,PC
W04,1,NOCA,PC
W04,1,AMGO,PC
W21,1,RWBL,PC
W21,1,HOWR,PC
W21,1,BLJA,PC
W21,1,AMKE,PC
W21,1,YEWA,PC
W21,1,COYE,PC
W21,1,AMRO,PC
W21,1,BOBO,PC
W21,1,WAVI,PC
W21,1,BAOR,PC
W21,1,NOCA,PC
W21,1,SOSP,PC
W21,1,CEDW,PC
W21,1,AMRE,PC
W21,1,COGR,PC
W21,1,GRCA,PC
W21,1,BRTH,PC
W21,1,SWSP,PC
W21,1,BCCH,PC
W21,1,GCFL,PC
S28,1,SOSP,PC
S28,1,RWBL,PC
S28,1,AMCR,PC
S28,1,COGR,PC
S28,1,AMRO,PC
S28,1,MALL,PC
S28,1,GRCA,PC
S28,1,AMGO,PC
S28,1,CEDW,PC
S04,2,SOSP,PC
S04,2,RWBL,PC
S04,2,MALL,PC
S04,2,NOCA,PC
S04,2,CHSP,PC
S04,2,WAVI,PC
S04,2,AMGO,PC
S04,2,HOFI,PC
S04,2,CEDW,PC
S04,2,AMRO,PC
S04,2,YEWA,PC
S05,2,MALL,PC
S05,2,RWBL,PC
S05,2,SOSP,PC
S05,2,YEWA,PC
S05,2,MAWR,PC
S05,2,COGR,PC
S05,2,EUST,PC
S05,2,AMRO,PC
S05,2,MODO,PC
S05,2,BCCH,PC
S05,2,GREG,PC
S05,2,COYE,PC
S05,2,SWSP,PC
S05,2,AMGO,PC
S05,2,WIFL,PC
S05,2,CEDW,PC
W26,2,WOTH,PC
W26,2,BCCH,PC
W26,2,REVI,PC
W26,2,SCTA,PC
W26,2,HETH,PC
W26,2,VEER,PC
W26,2,EAWP,PC
W26,2,COGR,PC
W26,2,SOSP,PC
W26,2,RBGR,PC
W26,2,MODO,PC
W25,2,EAKI,PC
W25,2,EAWP,PC
W25,2,BCCH,PC
W25,2,REVI,PC
W25,2,BLJA,PC
W25,2,RWBL,PC
W25,2,AMRO,PC
W25,2,BHVI,PC
W25,2,SWSP,PC
W25,2,AMGO,PC
W25,2,OVEN,PC
W25,2,GBHE,PC
W24,2,HOME,PC
W24,2,BCCH,PC
W24,2,EAKI,PC
W24,2,OVEN,PC
W24,2,SWSP,PC
W24,2,GBHE,PC
W24,2,COYE,PC
W24,2,EAWP,PC
W24,2,RBGR,PC
W24,2,BBCU,PC
W24,2,EAPH,PC
W24,2,RWBL,PC
W24,2,COGR,PC
W24,2,SOSP,PC
W24,2,CEDW,PC
W24,2,GRCA,PC
W24,2,AMRO,PC
W24,2,BLJA,PC
W24,2,REVI,PC
S29,2,WIFL,PC
S29,2,AMGO,PC
S29,2,MALL,PC
S29,2,WODU,PC
S29,2,YEWA,PC
S29,2,AMRO,PC
S29,2,GRCA,PC
S29,2,NOCA,PC
S29,2,BCCH,PC
S29,2,SOSP,PC
S29,2,HOWR,PC
S29,2,AMRE,PC
S29,2,SPSA,PC
S29,2,RWBL,PC
S29,2,CEDW,PC
S29,2,HOFI,PC
S29,2,COGR,PC
S29,2,COYE,PC
S11,2,RWBL,PC
S11,2,BOBO,PC
S11,2,YEWA,PC
S11,2,CEDW,PC
S11,2,SOSP,PC
S11,2,SWSP,PC
S11,2,AMRO,PC
S11,2,AMGO,PC
S11,2,EUST,PC
S11,2,GRCA,PC
S11,2,EAKI,PC
S11,2,COGR,PC
W16,2,GRCA,PC
W16,2,HOWR,PC
W16,2,YEWA,PC
W16,2,RWBL,PC
W16,2,AMRE,PC
W16,2,SOSP,PC
W16,2,WTSP,PC
W16,2,MODO,PC
W16,2,CEDW,PC
W16,2,AMGO,PC
W16,2,BLJA,PC
W16,2,REVI,PC
W16,2,WAVI,PC
W16,2,RBGR,PC
W16,2,SWSP,PC
W16,2,EAWP,PC
S24,2,BEKI,PC
S24,2,SOSP,PC
S24,2,AMRE,PC
S24,2,EAWP,PC
S24,2,BLJA,PC
S24,2,AMCR,PC
S24,2,GCFL,PC
S24,2,HOWR,PC
S24,2,COYE,PC
S24,2,AMGO,PC
S24,2,HAWO,PC
S23,2,SOSP,PC
S23,2,BCCH,PC
S23,2,EAWP,PC
S23,2,EAPH,PC
S23,2,BEKI,PC
S23,2,YEWA,PC
S23,2,AMRO,PC
S23,2,CHSP,PC
S23,2,HAWO,PC
S23,2,AMCR,PC
S23,2,BLJA,PC
S23,2,AMRE,PC
S23,2,AMGO,PC
S22,2,RWBL,PC
S22,2,NOCA,PC
S22,2,COYE,PC
S22,2,YEWA,PC
S22,2,GCFL,PC
S22,2,WAVI,PC
S22,2,COGR,PC
S22,2,SOSP,PC
S22,2,WIFL,PC
S22,2,RBGR,PC
S22,2,AMRO,PC
S22,2,BAOR,PC
S22,2,AMCR,PC
S22,2,AMGO,PC
S22,2,CEDW,PC
S22,2,BLJA,PC
S27,2,YEWA,PC
S27,2,RWBL,PC
S27,2,BAOR,PC
S27,2,AMCR,PC
S27,2,COYE,PC
S27,2,SWSP,PC
S27,2,AMGO,PC
S27,2,DOWO,PC
S27,2,GRCA,PC
S27,2,SOSP,PC
S27,2,AMRO,PC
S27,2,GCFL,PC
S27,2,NOFL,PC
S27,2,WBNU,PC
S27,2,AMRE,PC
S27,2,BCCH,PC
S27,2,COGR,PC
S27,2,EUST,PC
S27,2,CHSP,PC
S27,2,CEDW,PC
W28,2,COYE,PC
W28,2,SOSP,PC
W28,2,RWBL,PC
W28,2,AMRO,PC
W28,2,WAVI,PC
W28,2,WIFL,PC
W28,2,YEWA,PC
W28,2,CEDW,PC
W28,2,AMGO,PC
W28,2,GCFL,PC
W28,2,BAOR,PC
W28,2,SWSP,PC
W28,2,COGR,PC
W28,2,LEFL,PC
W28,2,NOCA,PC
W18,2,YEWA,PC
W18,2,GRCA,PC
W18,2,BAOR,PC
W18,2,CEDW,PC
W18,2,AMRO,PC
W18,2,GRHE,PC
W18,2,SOSP,PC
W18,2,COGR,PC
W18,2,SWSP,PC
W18,2,RWBL,PC
W18,2,LEFL,PC
W18,2,BEKI,PC
W18,2,BLJA,PC
W18,2,COYE,PC
W17,2,COYE,PC
W17,2,REVI,PC
W17,2,NOCA,PC
W17,2,BLJA,PC
W17,2,GCFL,PC
W17,2,GRCA,PC
W17,2,SHHA,PC
W17,2,WBNU,PC
W17,2,SOSP,PC
W17,2,VEER,PC
W17,2,WAVI,PC
W17,2,NOFL,PC
W17,2,WODU,PC
W17,2,AMCR,PC
W17,2,AMRO,PC
W17,2,MODO,PC
W17,2,BCCH,PC
W17,2,WOTH,PC
W17,2,INBU,PC
S01,2,SOSP,PC
S01,2,AMGO,PC
S01,2,AMRO,PC
S01,2,BLJA,PC
S01,2,CEDW,PC
S01,2,AMCR,PC
S01,2,EUST,PC
S01,2,NOCA,PC
S01,2,MODO,PC
S01,2,COGR,PC
S01,2,RBGR,PC
S01,2,COHA,PC
S01,2,RWBL,PC
W22,1,SWSP,PC
W22,1,RWBL,PC
W22,1,BCCH,PC
W22,1,BAOR,PC
W22,1,VEER,PC
W22,1,WIFL,PC
W22,1,AMRO,PC
W22,1,MAWR,PC
W22,1,COYE,PC
W22,1,AMCR,PC
W22,1,COGR,PC
W22,1,YEWA,PC
W22,1,EAKI,PC
W22,1,AMGO,PC
W22,1,WTSP,PC
W22,1,VIRA,PC
W22,1,GCFL,PC
W15,1,CEDW,PC
W15,1,COYE,PC
W15,1,VEER,PC
W15,1,RWBL,PC
W15,1,YEWA,PC
W15,1,AMGO,PC
W15,1,SWSP,PC
W15,1,WTSP,PC
W15,1,WISN,PC
W15,1,AMCR,PC
W15,1,MAWR,PC
W15,1,WAVI,PC
W15,1,BLJA,PC
W14,1,ALFL,PC
W14,1,YEWA,PC
W14,1,RWBL,PC
W14,1,BEKI,PC
W14,1,AMGO,PC
W14,1,BLJA,PC
W14,1,VIRA,PC
W14,1,RBGR,PC
W14,1,SOSP,PC
W14,1,SWSP,PC
W14,1,YBSA,PC
W14,1,OVEN,PC
W14,1,BCCH,PC
W10,1,RWBL,PC
W10,1,OVEN,PC
W10,1,VEER,PC
W10,1,BCCH,PC
W10,1,HAWO,PC
W10,1,NOWA,PC
W10,1,BLJA,PC
W10,1,COYE,PC
W10,1,RBGR,PC
W10,1,YEWA,PC
W10,1,GRCA,PC
W10,1,WTSP,PC
W10,1,SOSP,PC
W10,1,COGR,PC
W10,1,BBCU,PC
W10,1,BAWW,PC
W10,1,EAKI,PC
W02,1,SWSP,PC
W02,1,RWBL,PC
W02,1,AMRO,PC
W02,1,AMGO,PC
W02,1,COYE,PC
W02,1,VEER,PC
W02,1,MAWR,PC
W02,1,RBGR,PC
W02,1,VIRA,PC
W02,1,GRCA,PC
W02,1,KIRA,PC
W06,1,BLJA,PC
W06,1,COYE,PC
W06,1,SWSP,PC
W06,1,AMRO,PC
W06,1,MAWR,PC
W06,1,SOSP,PC
W06,1,RBGR,PC
W06,1,YEWA,PC
W06,1,GRHE,PC
W06,1,CEDW,PC
W06,1,RWBL,PC
W06,1,AMGO,PC
W06,1,NOCA,PC
W06,1,OVEN,PC
S17,2,HOME,PC
S17,2,YEWA,PC
S17,2,WAVI,PC
S17,2,BCCH,PC
S17,2,NOCA,PC
S17,2,RWBL,PC
S17,2,SOSP,PC
S17,2,AMGO,PC
S17,2,CEDW,PC
S17,2,COGR,PC
S17,2,AMRE,PC
S17,2,AMRO,PC
S17,2,GRCA,PC
S17,2,MALL,PC
W30,2,RWBL,PC
W30,2,CANG,PC
W30,2,MALL,PC
W30,2,AMRO,PC
W30,2,COGR,PC
W30,2,EUST,PC
W30,2,NOCA,PC
W30,2,CEDW,PC
W30,2,AMGO,PC
W30,2,SOSP,PC
W30,2,COGA,PC
W30,2,WAVI,PC
W30,2,GRCA,PC
W30,2,AMCR,PC
W09,1,RWBL,PC
W09,1,COYE,PC
W09,1,GRCA,PC
W09,1,YEWA,PC
W09,1,SOSP,PC
W09,1,SWSP,PC
W09,1,VEER,PC
W09,1,WTSP,PC
W09,1,BCCH,PC
W09,1,CEDW,PC
W09,1,VIRA,PC
W09,1,GCFL,PC
W09,1,NOCA,PC
W09,1,COGR,PC
W09,1,BAWW,PC
W09,1,AMGO,PC
W03,1,RWBL,PC
W03,1,COYE,PC
W03,1,SWSP,PC
W03,1,WODU,PC
W03,1,SOSP,PC
W03,1,RBGR,PC
W03,1,GCFL,PC
W03,1,YEWA,PC
W03,1,WTSP,PC
W03,1,GRCA,PC
W03,1,YBSA,PC
W03,1,VIRA,PC
W03,1,COGR,PC
W03,1,CEDW,PC
W03,1,BWTE,PC
W03,1,MAWR,PC
W03,1,BAWW,PC
W20,2,VEER,PC
W20,2,AMRO,PC
W20,2,EAKI,PC
W20,2,COYE,PC
W20,2,COGR,PC
W20,2,AMGO,PC
W20,2,SOSP,PC
W20,2,NOFL,PC
W20,2,WTSP,PC
W20,2,GRCA,PC
W20,2,MAWR,PC
W20,2,BAOR,PC
W20,2,YEWA,PC
W20,2,MODO,PC
W20,2,RTHU,PC
W19,2,DOWO,PC
W19,2,SWSP,PC
W19,2,YEWA,PC
W19,2,AMRO,PC
W19,2,EAWP,PC
W19,2,COYE,PC
W19,2,RWBL,PC
W19,2,NOFL,PC
W19,2,YBSA,PC
W19,2,REVI,PC
W19,2,BLJA,PC
W19,2,GCFL,PC
W19,2,BBCU,PC
W19,2,RBGR,PC
W19,2,GRCA,PC
W19,2,VEER,PC
W19,2,SOSP,PC
W19,2,COGR,PC
W27,2,GBHE,PC
W27,2,RWBL,PC
W27,2,YEWA,PC
W27,2,COGR,PC
W27,2,AMGO,PC
W27,2,SWSP,PC
W27,2,GRCA,PC
W27,2,WAVI,PC
W27,2,SOSP,PC
W27,2,GCFL,PC
W27,2,CEDW,PC
W27,2,RBGR,PC
W27,2,BBCU,PC
W27,2,EAKI,PC
W27,2,LEFL,PC
W27,2,COYE,PC
W27,2,WIFL,PC
W27,2,WBNU,PC
W27,2,SCTA,PC
W11,2,SWSP,PC
W11,2,VEER,PC
W11,2,WAVI,PC
W11,2,RWBL,PC
W11,2,MAWR,PC
W11,2,AMGO,PC
W11,2,YBSA,PC
W11,2,HETH,PC
W11,2,YEWA,PC
W11,2,COGR,PC
W11,2,SOSP,PC
W11,2,CSWA,PC
W11,2,CEDW,PC
W11,2,LEFL,PC
W11,2,SORA,PC
W11,2,HAWO,PC
W11,2,BLJA,PC
S19,2,RWBL,PC
S19,2,GRCA,PC
S19,2,YEWA,PC
S19,2,EUST,PC
S19,2,AMGO,PC
S19,2,CEDW,PC
S19,2,COYE,PC
S19,2,SWSP,PC
S19,2,COGR,PC
S19,2,SHHA,PC
S19,2,NOCA,PC
S19,2,SOSP,PC
S19,2,AMRO,PC
S19,2,BLJA,PC
W08,2,RWBL,PC
W08,2,AMRO,PC
W08,2,GBHE,PC
W08,2,BCCH,PC
W08,2,SWSP,PC
W08,2,SOSP,PC
W08,2,AMGO,PC
W08,2,WAVI,PC
W08,2,MAWR,PC
W08,2,COYE,PC
W08,2,CEDW,PC
W08,2,NOFL,PC
W08,2,VIRA,PC
W08,2,GRHE,PC
W08,2,LEBI,PC
W08,2,COGR,PC
W08,2,YBSA,PC
S25,2,AMGO,PC
S25,2,BCCH,PC
S25,2,YBSA,PC
S25,2,WBNU,PC
S25,2,AMRO,PC
S25,2,GRCA,PC
S25,2,NOCA,PC
S25,2,EAWP,PC
S25,2,SOSP,PC
S25,2,RBGR,PC
S25,2,AMCR,PC
S25,2,DOWO,PC
S25,2,COGR,PC
S25,2,CSWA,PC
S26,2,SOSP,PC
S26,2,RWBL,PC
S26,2,COGR,PC
S26,2,AMCR,PC
S26,2,CHSP,PC
S26,2,AMRO,PC
S26,2,EUST,PC
S26,2,AMGO,PC
S26,2,RODO,PC
S26,2,MODO,PC
S26,2,CEDW,PC
S26,2,NOCA,PC
S26,2,BEKI,PC
W29,2,BCCH,PC
W29,2,SOSP,PC
W29,2,RWBL,PC
W29,2,WIFL,PC
W29,2,AMGO,PC
W29,2,YEWA,PC
W29,2,WBNU,PC
W29,2,COGR,PC
W29,2,COYE,PC
W29,2,GRHE,PC
W29,2,RBGR,PC
W29,2,EUST,PC
W29,2,EAKI,PC
W29,2,AMCR,PC
W01,2,HAWO,PC
W01,2,RWBL,PC
W01,2,VEER,PC
W01,2,BLJA,PC
W01,2,BAWW,PC
W01,2,WTSP,PC
W01,2,SWSP,PC
W01,2,COYE,PC
W01,2,YBSA,PC
W01,2,AMRE,PC
W01,2,AMRO,PC
W01,2,MAWR,PC
W01,2,REVI,PC
W01,2,YEWA,PC
W01,2,NOFL,PC
W01,2,AMGO,PC
W01,2,WBNU,PC
W01,2,GCFL,PC
W01,2,OVEN,PC
W01,2,EAWP,PC
W07,2,GRCA,PC
W07,2,COYE,PC
W07,2,CEDW,PC
W07,2,SOSP,PC
W07,2,NOCA,PC
W07,2,AMRO,PC
W07,2,AMRE,PC
W07,2,COGR,PC
W07,2,YEWA,PC
W07,2,WIFL,PC
W07,2,AMGO,PC
W07,2,GCFL,PC
W23,2,GWTE,PC
W23,2,WISN,PC
W23,2,RWBL,PC
W23,2,YEWA,PC
W23,2,SWSP,PC
W23,2,COGR,PC
W23,2,SOSP,PC
W23,2,NOFL,PC
W23,2,PIWO,PC
W23,2,COYE,PC
W23,2,AMGO,PC
W23,2,MODO,PC
W23,2,GRCA,PC
W23,2,AMRO,PC
W23,2,GREG,PC
W23,2,CEDW,PC
S03,2,RWBL,PC
S03,2,COYE,PC
S03,2,NOCA,PC
S03,2,SOSP,PC
S03,2,YEWA,PC
S03,2,GRCA,PC
S03,2,CEDW,PC
S03,2,SWSP,PC
S03,2,AMGO,PC
S03,2,BCCH,PC
S03,2,AMRO,PC
S03,2,COGR,PC
S03,2,BAOR,PC
S03,2,BAWW,PC
S03,2,EUST,PC
S03,2,NOFL,PC
S03,2,ALFL,PC
S03,2,AMCR,PC
W05,2,SWSP,PC
W05,2,NOHA,PC
W05,2,COYE,PC
W05,2,YEWA,PC
W05,2,MAWR,PC
W05,2,NOFL,PC
W05,2,MODO,PC
W05,2,GCFL,PC
W05,2,AMRO,PC
W05,2,RWBL,PC
W05,2,WISN,PC
W05,2,GRCA,PC
W05,2,CEDW,PC
W05,2,LEBI,PC
W05,2,VIRA,PC
W05,2,RBGR,PC
W12,2,LEFL,PC
W12,2,RWBL,PC
W12,2,COYE,PC
W12,2,SWSP,PC
W12,2,BLJA,PC
W12,2,WAVI,PC
W12,2,EAWP,PC
W12,2,SOSP,PC
W12,2,AMRO,PC
W12,2,VEER,PC
W12,2,GBHE,PC
W12,2,RBGR,PC
W12,2,NOCA,PC
W12,2,WBNU,PC
W12,2,MODO,PC
W12,2,VIRA,PC
W12,2,BCCH,PC
W12,2,AMGO,PC
W12,2,DCCO,PC
W13,2,WIFL,PC
W13,2,WAVI,PC
W13,2,RWBL,PC
W13,2,YEWA,PC
W13,2,GRCA,PC
W13,2,ALFL,PC
W13,2,SWSP,PC
W13,2,SORA,PC
W13,2,AMRO,PC
W13,2,NOFL,PC
W13,2,VIRA,PC
W13,2,COGR,PC
W13,2,BCCH,PC
W13,2,EAWP,PC
W13,2,SOSP,PC
S16,2,RWBL,PC
S16,2,MALL,PC
S16,2,CHSP,PC
S16,2,GRCA,PC
S16,2,HOFI,PC
S16,2,EUST,PC
S16,2,COGR,PC
S16,2,SOSP,PC
S16,2,MODO,PC
S16,2,AMCR,PC
S16,2,HOSP,PC
S16,2,AMRO,PC
S16,2,BAOR,PC
S16,2,AMGO,PC
S16,2,CEDW,PC
S21,2,RWBL,PC
S21,2,WAVI,PC
S21,2,MALL,PC
S21,2,RBGU,PC
S21,2,KILL,PC
S21,2,AMRO,PC
S21,2,SOSP,PC
S12,2,SOSP,PC
S12,2,REVI,PC
S12,2,NOCA,PC
S12,2,DOWO,PC
S12,2,COGR,PC
S12,2,AMRO,PC
S12,2,EAPH,PC
S12,2,CEDW,PC
S12,2,BCCH,PC
S28,2,SOSP,PC
S28,2,AMGO,PC
S28,2,AMRO,PC
S28,2,YEWA,PC
S28,2,RWBL,PC
W21,2,RWBL,PC
W21,2,AMRO,PC
W21,2,COYE,PC
W21,2,EAPH,PC
W21,2,SOSP,PC
W21,2,CEDW,PC
W21,2,HOWR,PC
W21,2,BCCH,PC
W21,2,BRTH,PC
W21,2,EAWP,PC
W21,2,GRCA,PC
W21,2,AMGO,PC
W21,2,COGR,PC
W21,2,AMKE,PC
W21,2,EAME,PC
W21,2,EAKI,PC
W21,2,WAVI,PC
W21,2,REVI,PC
S30,2,RWBL,PC
S30,2,AMCR,PC
S30,2,AMRO,PC
S30,2,MODO,PC
S30,2,SOSP,PC
S30,2,AMGO,PC
S30,2,EUST,PC
S30,2,NOCA,PC
S30,2,COGR,PC
S30,2,BCCH,PC
S30,2,CEDW,PC
S30,2,MALL,PC
S02,2,BCNH,PC
S02,2,DCCO,PC
S02,2,RWBL,PC
S02,2,YEWA,PC
S02,2,BCCH,PC
S02,2,SOSP,PC
S02,2,COGR,PC
S02,2,NOCA,PC
S02,2,REVI,PC
S02,2,CEDW,PC
S02,2,AMRO,PC
S02,2,AMGO,PC
S02,2,AMCR,PC
S10,2,MALL,PC
S10,2,SOSP,PC
S10,2,AMRO,PC
S10,2,COGR,PC
S10,2,BLJA,PC
S10,2,AMGO,PC
S10,2,EUST,PC
S10,2,BCCH,PC
S10,2,AMCR,PC
S10,2,RWBL,PC
S10,2,CEDW,PC
S09,2,AMRO,PC
S09,2,RWBL,PC
S09,2,COGR,PC
S09,2,SOSP,PC
S09,2,CEDW,PC
S09,2,GRCA,PC
S09,2,MODO,PC
S09,2,AMGO,PC
S09,2,BCCH,PC
S08,2,MALL,PC
S08,2,BLJA,PC
S08,2,SOSP,PC
S08,2,MODO,PC
S08,2,AMRO,PC
S08,2,NOCA,PC
S08,2,COGR,PC
S08,2,BCCH,PC
S08,2,AMCR,PC
S08,2,EAPH,PC
S08,2,RODO,PC
S08,2,CEDW,PC
S08,2,RWBL,PC
S07,2,MALL,PC
S07,2,BCCH,PC
S07,2,RWBL,PC
S07,2,AMRO,PC
S07,2,AMGO,PC
S07,2,COGR,PC
S07,2,SOSP,PC
S07,2,CHSP,PC
S07,2,NOCA,PC
S07,2,EUST,PC
S07,2,BLJA,PC
S07,2,CEDW,PC
S07,2,MODO,PC
S06,2,MALL,PC
S06,2,AMGO,PC
S06,2,SOSP,PC
S06,2,COGR,PC
S06,2,RWBL,PC
S06,2,AMCR,PC
S06,2,AMRO,PC
S06,2,SWSP,PC
S06,2,EAKI,PC
S06,2,SASP,PC
S06,2,EUST,PC
S06,2,CEDW,PC
S06,2,MODO,PC
S06,2,BCCH,PC
S14,2,RWBL,PC
S14,2,CORA,PC
S14,2,COYE,PC
S14,2,AMRO,PC
S14,2,MODO,PC
S14,2,MALL,PC
S14,2,CEDW,PC
S14,2,COGR,PC
S14,2,AMCR,PC
S14,2,BCCH,PC
S14,2,AMGO,PC
S14,2,GRHE,PC
S14,2,DOWO,PC
S14,2,YRWA,PC
S14,2,BLJA,PC
S14,2,SOSP,PC
S14,2,AMRE,PC
S14,2,EUST,PC
S14,2,REVI,PC
S13,2,MALL,PC
S13,2,COHA,PC
S13,2,SOSP,PC
S13,2,RODO,PC
S13,2,REVI,PC
S13,2,CHSP,PC
S13,2,AMRO,PC
S13,2,EUST,PC
S13,2,BCCH,PC
S13,2,NOCA,PC
W10,2,RWBL,PC
W10,2,BLJA,PC
W10,2,VEER,PC
W10,2,NOWA,PC
W10,2,COYE,PC
W10,2,BCCH,PC
W10,2,NOCA,PC
W10,2,GRCA,PC
W10,2,COGR,PC
W10,2,REVI,PC
W10,2,YBSA,PC
W10,2,SOSP,PC
W10,2,OVEN,PC
W10,2,CEDW,PC
W10,2,WTSP,PC
W22,2,AMGO,PC
W22,2,YEWA,PC
W22,2,GRCA,PC
W22,2,COYE,PC
W22,2,RWBL,PC
W22,2,SWSP,PC
W22,2,MALL,PC
W22,2,WTSP,PC
W22,2,VEER,PC
W22,2,NOCA,PC
W22,2,NOFL,PC
W22,2,RBGR,PC
W22,2,BCCH,PC
W22,2,CEDW,PC
W22,2,VIRA,PC
W22,2,GCFL,PC
W22,2,BLJA,PC
W15,2,RWBL,PC
W15,2,COYE,PC
W15,2,SWSP,PC
W15,2,CEDW,PC
W15,2,AMRO,PC
W15,2,AMGO,PC
W15,2,RBGR,PC
W15,2,BEKI,PC
W15,2,BLJA,PC
W15,2,WISN,PC
W15,2,YEWA,PC
W15,2,COGR,PC
W15,2,BCCH,PC
W15,2,GRCA,PC
S18,2,SOSP,PC
S18,2,AMGO,PC
S18,2,BCCH,PC
S18,2,MALL,PC
S18,2,EUST,PC
S18,2,EAPH,PC
S18,2,AMRO,PC
S18,2,YEWA,PC
S18,2,BAOR,PC
S18,2,COGR,PC
S20,2,RWBL,PC
S20,2,HOFI,PC
S20,2,SOSP,PC
S20,2,NOCA,PC
S20,2,EAPH,PC
S20,2,MALL,PC
S20,2,AMGO,PC
S20,2,BLJA,PC
S20,2,AMCR,PC
S20,2,CEDW,PC
S20,2,COGR,PC
S20,2,BCCH,PC
S15,2,AMGO,PC
S15,2,EAPH,PC
S15,2,RWBL,PC
S15,2,SOSP,PC
S15,2,COGR,PC
S15,2,COYE,PC
S15,2,AMRO,PC
S15,2,CEDW,PC
S15,2,SWSP,PC
S15,2,BCCH,PC
W02,2,COYE,PC
W02,2,VEER,PC
W02,2,SWSP,PC
W02,2,RWBL,PC
W02,2,AMRO,PC
W02,2,NOFL,PC
W02,2,YEWA,PC
W02,2,GRCA,PC
W02,2,MODO,PC
W02,2,RBGR,PC
W02,2,VIRA,PC
W02,2,EAPH,PC
W02,2,AMGO,PC
W02,2,AMCR,PC
W02,2,BCNH,PC
W02,2,CEDW,PC
W02,2,GRHE,PC
W06,2,VEER,PC
W06,2,SWSP,PC
W06,2,BCCH,PC
W06,2,AMCR,PC
W06,2,WTSP,PC
W06,2,YEWA,PC
W06,2,RWBL,PC
W06,2,AMGO,PC
W06,2,GRCA,PC
W06,2,EAPH,PC
W06,2,CEDW,PC
W06,2,COYE,PC
W06,2,RBGR,PC
W06,2,GCFL,PC
W06,2,VIRA,PC
W06,2,EAWP,PC
W31,2,SOSP,PC
W31,2,YEWA,PC
W31,2,SWSP,PC
W31,2,AMCR,PC
W31,2,BLJA,PC
W31,2,EUST,PC
W31,2,RWBL,PC
W31,2,ALFL,PC
W31,2,AMGO,PC
W31,2,AMRO,PC
W31,2,COGR,PC
W31,2,MAWR,PC
W31,2,REVI,PC
W31,2,NOFL,PC
W31,2,NOCA,PC
W04,2,GRCA,PC
W04,2,VEER,PC
W04,2,SWSP,PC
W04,2,EAWP,PC
W04,2,SOSP,PC
W04,2,YEWA,PC
W04,2,COGR,PC
W04,2,RWBL,PC
W04,2,AMGO,PC
W04,2,RBGR,PC
W04,2,COYE,PC
W04,2,AMRO,PC
W04,2,MODO,PC
W04,2,CEDW,PC
W04,2,BCCH,PC
W14,2,VEER,PC
W14,2,SWSP,PC
W14,2,GRHE,PC
W14,2,HETH,PC
W14,2,RWBL,PC
W14,2,COYE,PC
W14,2,RBGR,PC
W14,2,EAKI,PC
W14,2,YEWA,PC
W14,2,AMGO,PC
W14,2,BLJA,PC
W14,2,VIRA,PC
W14,2,BCCH,PC
W14,2,YBSA,PC
W14,2,CEDW,PC
W14,2,WTSP,PC
W03,2,RWBL,PC
W03,2,SOSP,PC
W03,2,RBGR,PC
W03,2,COYE,PC
W03,2,SWSP,PC
W03,2,YEWA,PC
W03,2,MODO,PC
W03,2,VEER,PC
W03,2,EAKI,PC
W03,2,AMGO,PC
W03,2,NOFL,PC
W03,2,GRCA,PC
W03,2,ALFL,PC
W03,2,WTSP,PC
W03,2,CEDW,PC
W03,2,BBCU,PC
W03,2,COGR,PC
W03,2,REVI,PC
W03,2,YBSA,PC
W03,2,WAVI,PC
W03,2,GCFL,PC
W03,2,EAPH,PC
W09,2,BCCH,PC
W09,2,VEER,PC
W09,2,GRCA,PC
W09,2,WTSP,PC
W09,2,SWSP,PC
W09,2,COYE,PC
W09,2,AMGO,PC
W09,2,SOSP,PC
W09,2,NOFL,PC
W09,2,BLJA,PC
W09,2,CEDW,PC
W09,2,EAKI,PC
W09,2,YEWA,PC
W09,2,VIRA,PC
W09,2,RWBL,PC
W27,4,WIWR,ARU
W27,4,HETH,ARU
W27,4,WAVI,ARU
W27,4,SWSP,ARU
W27,4,EAKI,ARU
W27,4,MODO,ARU
W27,4,RWBL,ARU
W27,4,GBHE,ARU
W27,4,COYE,ARU
W27,4,BCCH,ARU
W27,4,CSWA,ARU
W27,4,YBSA,ARU
W27,4,SOSP,ARU
W27,4,WBNU,ARU
W27,4,RBGR,ARU
W27,4,LEFL,ARU
W26,5,VEER,ARU
W26,5,HETH,ARU
W26,5,CEDW,ARU
W26,5,REVI,ARU
W26,5,AMRO,ARU
W26,5,WBNU,ARU
S18,4,SOSP,ARU
S18,4,RBGU,ARU
S18,4,MALL,ARU
S18,4,WAVI,ARU
S18,4,AMGO,ARU
S18,4,AMCR,ARU
S18,4,RWBL,ARU
W30,3,RBGU,ARU
W30,3,RWBL,ARU
W30,3,YEWA,ARU
W30,3,SOSP,ARU
W30,3,AMCR,ARU
W30,3,COGR,ARU
W30,3,NOCA,ARU
W30,3,WAVI,ARU
W30,4,RWBL,ARU
W30,4,NOCA,ARU
W30,4,YEWA,ARU
W30,4,COGR,ARU
W30,4,AMRO,ARU
W30,4,RBGU,ARU
W30,4,SOSP,ARU
W30,4,COGA,ARU
W30,5,RWBL,ARU
W30,5,SOSP,ARU
W30,5,AMCR,ARU
W30,5,GRCA,ARU
W30,5,BCCH,ARU
W30,5,RBGU,ARU
W30,5,MALL,ARU
S17,3,RWBL,ARU
S17,3,NOCA,ARU
S17,3,REVI,ARU
S17,3,CEDW,ARU
S17,3,AMCR,ARU
S17,3,WAVI,ARU
S17,3,AMRE,ARU
S17,3,YEWA,ARU
S17,3,RBGU,ARU
S17,3,SOSP,ARU
S17,4,YEWA,ARU
S17,4,WAVI,ARU
S17,4,SOSP,ARU
S17,4,RWBL,ARU
S17,4,AMCR,ARU
S17,4,AMGO,ARU
S17,4,AMRO,ARU
S17,4,CEDW,ARU
S17,4,AMRE,ARU
S17,5,AMRE,ARU
S17,5,SOSP,ARU
S17,5,YEWA,ARU
S17,5,NOCA,ARU
S17,5,AMGO,ARU
S17,5,AMRO,ARU
S17,5,WAVI,ARU
S17,5,AMCR,ARU
S17,5,RBGU,ARU
S17,5,MALL,ARU
S28,3,AMRO,ARU
S28,3,RWBL,ARU
S28,3,SOSP,ARU
S28,3,AMCR,ARU
S28,3,YEWA,ARU
S28,3,CEDW,ARU
S28,3,KILL,ARU
S28,3,COGR,ARU
S28,4,GRCA,ARU
S28,4,YEWA,ARU
S28,4,RWBL,ARU
S28,4,COYE,ARU
S28,4,SOSP,ARU
W29,3,AMCR,ARU
W29,3,RWBL,ARU
W29,3,BCCH,ARU
W29,3,BCCH,ARU
W29,3,AMCR,ARU
W29,3,COYE,ARU
W29,3,SOSP,ARU
W29,3,CEDW,ARU
W29,3,AMGO,ARU
W29,3,GRFG,ARU
W29,3,WAVI,ARU
W29,3,AMRO,ARU
W29,4,HOWR,ARU
W29,4,RWBL,ARU
W29,4,SOSP,ARU
W29,4,COYE,ARU
W29,4,BCCH,ARU
W29,4,GRCA,ARU
W29,4,NOCA,ARU
W29,4,EAPH,ARU
W29,4,AMGO,ARU
W29,4,CEDW,ARU
W29,4,EAKI,ARU
W29,4,AMCR,ARU
W29,5,EAPH,ARU
W29,5,RWBL,ARU
W29,5,AMCR,ARU
W29,5,SOSP,ARU
W29,5,COYE,ARU
W29,5,CHSP,ARU
W29,5,COGR,ARU
W29,5,GRCA,ARU
W29,5,BCCH,ARU
S01,3,AMCR,ARU
S01,3,RWBL,ARU
S01,3,AMRO,ARU
S01,3,COGR,ARU
S01,3,NOCA,ARU
S01,3,SOSP,ARU
S01,3,EATO,ARU
S01,3,MODO,ARU
S01,4,YEWA,ARU
S01,4,AMRO,ARU
S01,4,SOSP,ARU
S01,4,RWBL,ARU
S01,4,BCCH,ARU
S01,4,NOCA,ARU
S01,4,AMGO,ARU
S01,4,WAVI,ARU
S01,4,AMCR,ARU
S01,4,DOWO,ARU
S01,4,RBGU,ARU
S01,5,NOCA,ARU
S01,5,RWBL,ARU
S01,5,SOSP,ARU
S01,5,AMCR,ARU
S01,5,AMRO,ARU
S01,5,BLJA,ARU
S01,5,WAVI,ARU
S01,5,AMGO,ARU
W01,3,BCCH,ARU
W01,3,PBGR,ARU
W01,3,AMCR,ARU
W01,3,OVEN,ARU
W01,3,VEER,ARU
W01,3,PAWA,ARU
W01,3,CHSP,ARU
W01,3,RWBL,ARU
W01,3,OVEN,ARU
W01,3,BCCH,ARU
W01,3,OVEN,ARU
W01,3,RTHU,ARU
W01,3,PAWA,ARU
W01,3,AMRO,ARU
W01,3,BAWW,ARU
W01,3,SWSP,ARU
W01,3,AMRE,ARU
W01,3,ALFL,ARU
W01,4,VEER,ARU
W01,4,REVI,ARU
W01,4,SWSP,ARU
W01,4,RWBL,ARU
W01,4,PAWA,ARU
W01,4,BCCH,ARU
W01,4,COYE,ARU
W01,4,OVEN,ARU
S16,3,EUST,ARU
S16,3,COGR,ARU
S16,3,RWBL,ARU
S16,3,SOSP,ARU
S16,3,MODO,ARU
S16,3,WAVI,ARU
S16,3,RBGU,ARU
S16,4,RWBL,ARU
S16,4,COGR,ARU
S16,4,AMRO,ARU
S16,4,SOSP,ARU
S16,4,WAVI,ARU
S16,4,EUST,ARU
S16,4,RBGU,ARU
S16,4,MODO,ARU
S16,5,RWBL,ARU
S16,5,RBGU,ARU
S16,5,SWSP,ARU
S16,5,AMRO,ARU
S16,5,COGR,ARU
S16,5,AMGO,ARU
S16,5,AMCR,ARU
S16,5,HOFI,ARU
S12,3,BCCH,ARU
S12,3,SOSP,ARU
S12,3,AMRO,ARU
S12,3,AMCR,ARU
S12,3,NOCA,ARU
S12,3,BLJA,ARU
S12,3,CEDW,ARU
S12,4,AMRO,ARU
S12,4,BLJA,ARU
S12,4,SOSP,ARU
S12,4,BCCH,ARU
S12,4,AMCR,ARU
S12,4,CHSP,ARU
S12,4,CEDW,ARU
S12,4,NOCA,ARU
S12,5,AMRO,ARU
S12,5,NOCA,ARU
S12,5,HOSP,ARU
S12,5,EUST,ARU
S12,5,CEDW,ARU
S12,5,WODU,ARU
S12,5,SOSP,ARU
W12,3,AMRO,ARU
W12,3,WISN,ARU
W12,3,YEWA,ARU
W12,3,SWSP,ARU
W12,3,AMCR,ARU
W12,3,WIFL,ARU
W12,3,YRWA,ARU
W12,3,COYE,ARU
W12,3,RWBL,ARU
W12,3,MODO,ARU
W12,3,GCFL,ARU
S29,3,YEWA,ARU
S29,3,COYE,ARU
S29,3,AMGO,ARU
S29,3,ALFL,ARU
S29,3,AMCR,ARU
S29,3,BCCH,ARU
S29,3,NOCA,ARU
S29,3,GRCA,ARU
S29,3,RWBL,ARU
S29,3,YRWA,ARU
S29,3,SOSP,ARU
S29,3,AMRO,ARU
S29,3,EAKI,ARU
S29,3,NOFL,ARU
S29,4,ALFL,ARU
S29,4,NOCA,ARU
S29,4,COYE,ARU
S29,4,AMCR,ARU
S29,4,SOSP,ARU
S29,4,BCCH,ARU
S29,4,CHSP,ARU
S29,4,AMRO,ARU
S29,4,CEDW,ARU
S29,4,YEWA,ARU
S29,5,COYE,ARU
S29,5,CHSP,ARU
S29,5,SOSP,ARU
S29,5,AMCR,ARU
S29,5,YEWA,ARU
S29,5,NOFL,ARU
S29,5,NOCA,ARU
S29,5,CEDW,ARU
S29,5,AMRE,ARU
S29,5,BCCH,ARU
S29,5,AMRO,ARU
S29,5,YRWA,ARU
S29,5,SWSP,ARU
S29,5,WIFL,ARU
S29,5,RBNU,ARU
S15,3,RWBL,ARU
S15,3,RBGU,ARU
S15,3,SOSP,ARU
S15,3,AMRO,ARU
S15,3,COGR,ARU
S15,3,AMGO,ARU
S15,3,SWSP,ARU
S15,3,AMCR,ARU
S15,4,RWBL,ARU
S15,4,AMRO,ARU
S15,4,RBGU,ARU
S15,4,SOSP,ARU
S15,4,COGR,ARU
S15,4,AMGO,ARU
S15,4,BCCH,ARU
S15,4,AMCR,ARU
S15,4,TRES,ARU
S26,3,AMRO,ARU
S26,3,HOFI,ARU
S26,3,RWBL,ARU
S26,3,AMCR,ARU
S26,3,EUST,ARU
S26,3,CEDW,ARU
S26,3,COGR,ARU
S26,3,SOSP,ARU
S26,4,AMRO,ARU
S26,4,SOSP,ARU
S26,4,SWSP,ARU
S26,4,AMCR,ARU
S26,4,MODO,ARU
S26,5,SOSP,ARU
S26,5,CHSP,ARU
S26,5,HOSP,ARU
S26,5,AMRO,ARU
S26,5,BCCH,ARU
S26,5,CEDW,ARU
S26,5,AMCR,ARU
S26,5,AMGO,ARU
S26,5,RWBL,ARU
S25,3,EAWP,ARU
S25,3,AMRO,ARU
S25,3,AMGO,ARU
S25,3,SOSP,ARU
S25,3,CEDW,ARU
S25,3,AMCR,ARU
S25,3,COYE,ARU
S25,3,HOWR,ARU
S25,3,MODO,ARU
S25,3,BCCH,ARU
S25,3,WBNU,ARU
S25,3,BCCH,ARU
S25,3,REVI,ARU
S25,4,AMRO,ARU
S25,4,NOCA,ARU
S25,4,CANG,ARU
S25,4,EAWP,ARU
S25,4,AMGO,ARU
S25,4,SOSP,ARU
S25,4,AMCR,ARU
S25,4,BLJA,ARU
S25,4,CEDW,ARU
S25,4,MODO,ARU
S25,4,GRCA,ARU
S25,5,BLJA,ARU
S25,5,AMCR,ARU
S25,5,AMRE,ARU
S25,5,GRCA,ARU
S25,5,BAWW,ARU
S25,5,AMRE,ARU
S25,5,HOWR,ARU
S25,5,AMGO,ARU
S25,5,DOWO,ARU
S25,5,NOCA,ARU
S25,5,SOSP,ARU
W12,4,WAVI,ARU
W12,4,COGR,ARU
W12,4,MODO,ARU
W12,4,RWBL,ARU
W12,4,GBHE,ARU
W12,4,LEBI,ARU
W12,4,COYE,ARU
W12,4,LEFL,ARU
W12,4,SWSP,ARU
W12,4,AMBI,ARU
W12,4,AMRO,ARU
W12,4,AMRE,ARU
W13,3,RWBL,ARU
W13,3,YEWA,ARU
W13,3,WAVI,ARU
W13,3,COGR,ARU
W13,3,AMRO,ARU
W13,3,HETH,ARU
W13,3,CSWA,ARU
W13,3,SWSP,ARU
W13,3,AMCR,ARU
W13,4,SWSP,ARU
W13,4,RWBL,ARU
W13,4,YEWA,ARU
W13,4,LEFL,ARU
W13,4,AMRO,ARU
W13,4,AMCR,ARU
W13,4,CEDW,ARU
W13,4,AMGO,ARU
W13,4,COYE,ARU
W13,4,AMBI,ARU
W13,4,WAVI,ARU
W13,4,AMRE,ARU
W13,5,SWSP,ARU
W13,5,AMCR,ARU
W13,5,RWBL,ARU
W13,5,BAWW,ARU
W13,5,WISN,ARU
W13,5,YEWA,ARU
W13,5,AMRO,ARU
W13,5,SOSP,ARU
W13,5,COGR,ARU
W13,5,HETH,ARU
W13,5,WODU,ARU
W13,5,AMRE,ARU
W21,3,SOSP,ARU
W21,3,SPSA,ARU
W21,3,RWBL,ARU
W21,3,EAWP,ARU
W21,3,WAVI,ARU
W21,3,YEWA,ARU
W21,3,NOCA,ARU
W21,3,SWSP,ARU
W21,3,MODO,ARU
W21,3,TRES,ARU
W21,3,COGR,ARU
W21,3,CHSP,ARU
W21,3,AMRO,ARU
W21,3,BCCH,ARU
W21,4,HOWR,ARU
W21,4,REVI,ARU
W21,4,RWBL,ARU
W21,4,SOSP,ARU
W21,4,GRCA,ARU
W21,4,AMCR,ARU
W21,4,TRES,ARU
W21,4,EAWP,ARU
W21,4,YEWA,ARU
W21,4,COGR,ARU
W21,4,COYE,ARU
W21,5,WBNU,ARU
W21,5,RWBL,ARU
W21,5,SOSP,ARU
W21,5,REVI,ARU
W21,5,SWSP,ARU
W21,5,EAME,ARU
W21,5,BCCH,ARU
W21,5,EAKI,ARU
W02,3,VEER,ARU
W02,3,ALFL,ARU
W02,3,SWSP,ARU
W02,3,COYE,ARU
W02,3,AMCR,ARU
W02,3,AMGO,ARU
W02,3,BCCH,ARU
W02,3,RWBL,ARU
W02,3,YEWA,ARU
W02,3,AMRO,ARU
W02,3,CEDW,ARU
W02,3,NOCA,ARU
W02,3,CHSP,ARU
W02,3,SOSP,ARU
W02,4,COYE,ARU
W02,4,VEER,ARU
W02,4,SWSP,ARU
W02,4,SOSP,ARU
W02,4,RBGR,ARU
W02,4,BCCH,ARU
W02,4,YEWA,ARU
W02,4,RWBL,ARU
W02,4,AMCR,ARU
W02,4,WODU,ARU
W02,4,CHSP,ARU
W02,5,RWBL,ARU
W02,5,SWSP,ARU
W02,5,ALFL,ARU
W02,5,COYE,ARU
W02,5,SOSP,ARU
W02,5,YEWA,ARU
W02,5,AMGO,ARU
W02,5,CHSP,ARU
W02,5,AMRO,ARU
W02,5,MALL,ARU
W02,5,COGR,ARU
W09,3,GRCA,ARU
W09,3,RWBL,ARU
W09,3,WTSP,ARU
W09,3,SWSP,ARU
W09,3,COGR,ARU
W09,3,BCCH,ARU
W09,3,MALL,ARU
W09,3,COYE,ARU
W09,3,CHSP,ARU
W09,3,CEDW,ARU
W09,3,YEWA,ARU
W09,3,AMRE,ARU
W09,3,AMCR,ARU
W09,3,ALFL,ARU
W09,3,AMGO,ARU
W09,4,WTSP,ARU
W09,4,RWBL,ARU
W09,4,SWSP,ARU
W09,4,GRCA,ARU
W09,4,VEER,ARU
W09,4,CEDW,ARU
W09,4,YEWA,ARU
W09,4,ALFL,ARU
W09,4,AMCR,ARU
W09,5,RWBL,ARU
W09,5,ALFL,ARU
W09,5,SWSP,ARU
W09,5,COYE,ARU
W09,5,SOSP,ARU
W09,5,AMRO,ARU
W09,5,CEDW,ARU
W09,5,MALL,ARU
W09,5,YEWA,ARU
W09,5,AMGO,ARU
W09,5,OVEN,ARU
W17,3,REVI,ARU
W17,3,COYE,ARU
W17,3,NOCA,ARU
W17,3,SOSP,ARU
W17,3,OVEN,ARU
W17,3,AMCR,ARU
W17,3,MALL,ARU
W17,3,WTSP,ARU
W17,3,CEDW,ARU
W17,3,AMRO,ARU
W17,3,EAWP,ARU
W17,3,AMGO,ARU
W17,4,COYE,ARU
W17,4,AMCR,ARU
W17,4,REVI,ARU
W17,4,AMRO,ARU
W17,4,VEER,ARU
W17,4,WTSP,ARU
W17,4,EAWP,ARU
W17,4,AMGO,ARU
W17,4,SOSP,ARU
W17,5,BCCH,ARU
W17,5,EAWP,ARU
W17,5,NOCA,ARU
W17,5,GCFL,ARU
W17,5,SOSP,ARU
W17,5,REVI,ARU
W17,5,COYE,ARU
W17,5,WTSP,ARU
W17,5,AMCR,ARU
W17,5,DOWO,ARU
W17,5,BAWW,ARU
W28,3,NONE,ARU
W28,3,RWBL,ARU
W28,3,SWSP,ARU
W28,3,WAVI,ARU
W28,3,RBGR,ARU
W28,3,YEWA,ARU
W28,3,AMGO,ARU
W28,3,NOCA,ARU
W28,3,AMRO,ARU
W28,3,CEDW,ARU
W28,3,ALFL,ARU
W28,4,SOSP,ARU
W28,4,RWBL,ARU
W28,4,COYE,ARU
W28,4,YEWA,ARU
W28,4,CEDW,ARU
W28,4,SWSP,ARU
W28,4,AMCR,ARU
W28,4,NOCA,ARU
W28,4,GCFL,ARU
W28,4,MALL,ARU
W28,4,WIFL,ARU
W28,4,NONE,ARU
W31,3,BCCH,ARU
W31,3,RWBL,ARU
W31,3,SOSP,ARU
W31,3,WAVI,ARU
W31,3,NOCA,ARU
W31,3,AMCR,ARU
W31,3,YEWA,ARU
W31,3,MALL,ARU
W31,3,COYE,ARU
W31,3,SWSP,ARU
W31,3,CEDW,ARU
W31,3,RBGR,ARU
W31,4,AMCR,ARU
W31,4,HOWR,ARU
W31,4,RWBL,ARU
W31,4,CERW,ARU
W31,4,CEDW,ARU
W31,4,MODO,ARU
W31,4,NOCA,ARU
W31,4,SWSP,ARU
W31,4,BAOR,ARU
W31,4,YEWA,ARU
W31,4,WAVI,ARU
W31,4,BLJA,ARU
W31,4,SOSP,ARU
W31,4,COYE,ARU
W31,4,MAWR,ARU
S30,3,RWBL,ARU
S30,3,AMCR,ARU
S30,3,AMRO,ARU
S30,3,CEDW,ARU
S30,3,COGR,ARU
S30,3,SWSP,ARU
S30,3,NOCA,ARU
S30,4,RWBL,ARU
S30,4,MODO,ARU
S30,4,COGR,ARU
S30,4,AMRO,ARU
S30,4,AMCR,ARU
S30,4,SOSP,ARU
S30,5,RWBL,ARU
S30,5,COGR,ARU
S30,5,SOSP,ARU
S30,5,AMCR,ARU
S30,5,MODO,ARU
S30,5,AMRO,ARU
S24,3,BCCH,ARU
S24,3,YBSA,ARU
S24,3,AMCR,ARU
S24,3,HOWR,ARU
S24,3,BLJA,ARU
S24,3,SOSP,ARU
S24,4,AMCR,ARU
S24,4,AMGO,ARU
S24,4,SOSP,ARU
S24,4,AMRO,ARU
S24,4,HOWR,ARU
S24,4,YBSA,ARU
S24,4,VEER,ARU
S24,4,GRCA,ARU
S24,5,AMCR,ARU
S24,5,SOSP,ARU
S24,5,HOWR,ARU
S24,5,OVEN,ARU
S24,5,COYE,ARU
S24,5,AMRO,ARU
S24,5,COGR,ARU
S22,3,NOCA,ARU
S22,3,AMCR,ARU
S22,3,ALFL,ARU
S22,3,CEDW,ARU
S22,3,AMGO,ARU
S22,3,SOSP,ARU
S22,3,GCFL,ARU
S22,3,WAVI,ARU
S22,3,RWBL,ARU
S22,3,COGR,ARU
S22,4,WIFL,ARU
S22,4,RWBL,ARU
S22,4,COYE,ARU
S22,4,WAVI,ARU
S22,4,SOSP,ARU
S22,4,YEWA,ARU
S22,4,NOCA,ARU
S22,4,AMRO,ARU
S22,4,RBGR,ARU
S22,4,CSWA,ARU
S22,4,AMGO,ARU
S22,4,YRWA,ARU
S22,4,AMCR,ARU
S22,5,RBGR,ARU
S22,5,NOCA,ARU
S22,5,RWBL,ARU
S22,5,COYE,ARU
S22,5,SOSP,ARU
S22,5,GRCA,ARU
S22,5,AMRE,ARU
S22,5,AMRO,ARU
S22,5,HETH,ARU
S22,5,AMCR,ARU
S22,5,AMGO,ARU
W22,3,VEER,ARU
W22,3,BCCH,ARU
W22,3,RBGR,ARU
W22,3,SWSP,ARU
W22,3,MODO,ARU
W22,3,RWBL,ARU
W22,3,YEWA,ARU
W22,3,COGR,ARU
W22,3,ALFL,ARU
W22,3,BAWW,ARU
W22,3,AMRO,ARU
W22,3,COYE,ARU
W22,3,NOFL,ARU
W22,3,AMCR,ARU
W22,4,SWSP,ARU
W22,4,COYE,ARU
W22,4,BAWW,ARU
W22,4,GRCA,ARU
W22,4,COGR,ARU
W22,4,CEDW,ARU
W22,4,RWBL,ARU
W22,4,WTSP,ARU
W22,4,WISN,ARU
W22,4,GRCA,ARU
W22,4,CORA,ARU
W22,4,VEER,ARU
W22,4,AMGO,ARU
W22,4,PIWA,ARU
W22,4,BLJA,ARU
W22,5,ALFL,ARU
W22,5,COYE,ARU
W22,5,YEWA,ARU
W22,5,RWBL,ARU
W22,5,SWSP,ARU
W22,5,AMGO,ARU
W22,5,GRCA,ARU
W22,5,CORA,ARU
W22,5,EAKI,ARU
W22,5,CSWA,ARU
W16,3,SOSP,ARU
W16,3,AMCR,ARU
W16,3,CEDW,ARU
W16,3,CSWA,ARU
W16,3,RBGR,ARU
W16,3,YEWA,ARU
W16,3,ALFL,ARU
W16,3,AMRE,ARU
W16,3,MODO,ARU
W16,3,WBNU,ARU
W16,3,AMGO,ARU
W16,3,AMRO,ARU
W16,3,BCCH,ARU
W16,4,SOSP,ARU
W16,4,AMRE,ARU
W16,4,RBGR,ARU
W16,4,AMCR,ARU
W16,4,ALFL,ARU
W16,4,GRCA,ARU
W16,4,RWBL,ARU
W16,4,EAKI,ARU
W16,4,SWSP,ARU
W16,4,AMRE,ARU
W16,4,MODO,ARU
W16,4,YEWA,ARU
W16,4,AMGO,ARU
W16,4,CEDW,ARU
W16,4,NOFL,ARU
W16,5,ALFL,ARU
W16,5,YEWA,ARU
W16,5,CHSP,ARU
W16,5,AMRO,ARU
W16,5,RWBL,ARU
W16,5,MALL,ARU
W16,5,COGR,ARU
W16,5,SOSP,ARU
W16,5,SWSP,ARU
W16,5,AMGO,ARU
W16,5,COYE,ARU
W15,3,RWBL,ARU
W15,3,YEWA,ARU
W15,3,SOSP,ARU
W15,3,BCCH,ARU
W15,3,CHSP,ARU
W15,3,ALFL,ARU
W15,3,AMRO,ARU
W15,3,CEDW,ARU
W15,3,SWSP,ARU
W15,3,COYE,ARU
W15,3,VEER,ARU
W15,3,NOWA,ARU
W15,3,RBGR,ARU
W15,3,AMCR,ARU
W15,3,OVEN,ARU
W15,4,SWSP,ARU
W15,4,ALFL,ARU
W15,4,AMRO,ARU
W15,4,YEWA,ARU
W15,4,COYE,ARU
W15,4,RWBL,ARU
W15,4,CEDW,ARU
W15,4,AMCR,ARU
W15,4,NOWA,ARU
W15,4,BCCH,ARU
W15,4,LEBI,ARU
W15,4,WTSP,ARU
W15,4,CORA,ARU
W15,4,AMRO,ARU
W15,4,AMGO,ARU
W15,4,VEER,ARU
W15,5,RWBL,ARU
W15,5,SWSP,ARU
W15,5,ALFL,ARU
W15,5,COYE,ARU
W15,5,SOSP,ARU
W15,5,YEWA,ARU
W15,5,CHSP,ARU
W15,5,AMRO,ARU
W15,5,MALL,ARU
W15,5,AMGO,ARU
W15,5,CSWA,ARU
W15,5,COGR,ARU
W15,5,CSWA,ARU
W10,3,OVEN,ARU
W10,3,AMRO,ARU
W10,3,VEER,ARU
W10,3,BCCH,ARU
W10,3,GCFL,ARU
W10,3,YRWA,ARU
W10,3,RWBL,ARU
W10,4,RWBL,ARU
W10,4,WTSP,ARU
W10,4,EAWP,ARU
W10,4,OVEN,ARU
W10,4,GCFL,ARU
W10,4,COYE,ARU
W10,4,EAKI,ARU
W10,4,COGA,ARU
W10,4,GRCA,ARU
W10,4,NOWA,ARU
W10,4,BAWW,ARU
W10,4,VEER,ARU
W10,4,SOSP,ARU
W10,4,AMCR,ARU
W18,3,CEDW,ARU
W18,3,YEWA,ARU
W18,3,WAVI,ARU
W18,3,NOFL,ARU
W18,3,RWBL,ARU
W18,3,WIFL,ARU
W18,3,SWSP,ARU
W18,4,COYE,ARU
W18,4,WIFL,ARU
W18,4,RWBL,ARU
W18,4,AMCR,ARU
W18,4,AMGO,ARU
W18,4,EAKI,ARU
W18,4,CEDW,ARU
W18,4,AMRO,ARU
W18,4,SOSP,ARU
W18,4,YEWA,ARU
W18,4,RBGR,ARU
W18,4,NOCA,ARU
W18,4,WODU,ARU
W18,4,WTSP,ARU
W18,5,BCCH,ARU
W18,5,COYE,ARU
W18,5,CEDW,ARU
W18,5,ALFL,ARU
W18,5,SOSP,ARU
W18,5,WAVI,ARU
W18,5,RWBL,ARU
W18,5,AMRO,ARU
W18,5,NOCA,ARU
W03,3,REVI,ARU
W03,3,CEDW,ARU
W03,3,WAVI,ARU
W03,3,RWBL,ARU
W03,3,COYE,ARU
W03,3,SWSP,ARU
W03,3,MALL,ARU
W03,3,AMCR,ARU
W03,3,YEWA,ARU
W03,3,BCCH,ARU
W03,4,REVI,ARU
W03,4,RWBL,ARU
W03,4,COYE,ARU
W03,4,EAPH,ARU
W03,4,SWSP,ARU
W03,4,YEWA,ARU
W03,4,BAOR,ARU
W03,4,BCCH,ARU
W03,4,AMRO,ARU
W03,4,COGR,ARU
W03,4,WTSP,ARU
W03,4,AMCR,ARU
W03,4,EAKI,ARU
W03,4,CEDW,ARU
W03,5,REVI,ARU
W03,5,RWBL,ARU
W03,5,YEWA,ARU
W03,5,COYE,ARU
W03,5,BCCH,ARU
W03,5,CHSP,ARU
W03,5,YBSA,ARU
W03,5,CEDW,ARU
W04,3,YEWA,ARU
W04,3,ALFL,ARU
W04,3,CANG,ARU
W04,3,AMRO,ARU
W04,3,RWBL,ARU
W04,3,GCFL,ARU
W04,3,COYE,ARU
W04,3,VEER,ARU
W04,3,AMCR,ARU
W04,3,GRCA,ARU
W04,3,NOFL,ARU
W04,3,AMRE,ARU
W04,3,OVEN,ARU
W04,3,RBGR,ARU
W04,3,CEDW,ARU
W04,3,SWSP,ARU
W04,3,SOSP,ARU
W04,3,GRHE,ARU
W04,4,SWSP,ARU
W04,4,AMCR,ARU
W04,4,RBGR,ARU
W04,4,YEWA,ARU
W04,4,COYE,ARU
W04,4,ALFL,ARU
W04,4,AMGO,ARU
W04,4,CEDW,ARU
W04,4,NOCA,ARU
W04,4,COGR,ARU
W04,4,BCCH,ARU
W04,5,VEER,ARU
W04,5,AMCR,ARU
W04,5,COYE,ARU
W04,5,AMRE,ARU
W04,5,RWBL,ARU
W04,5,RBGR,ARU
W04,5,GRCA,ARU
W04,5,COGR,ARU
W04,5,SWSP,ARU
W04,5,MODO,ARU
W04,5,YEWA,ARU
S02,3,EUST,ARU
S02,3,SOSP,ARU
S02,3,RWBL,ARU
S02,3,COGR,ARU
S02,3,NOCA,ARU
S02,3,AMRO,ARU
S02,3,CEDW,ARU
S02,4,RWBL,ARU
S02,4,COGR,ARU
S02,4,SOSP,ARU
S02,4,CEDW,ARU
S02,4,AMRO,ARU
S02,4,EUST,ARU
S02,5,RWBL,ARU
S02,5,COGR,ARU
S03,3,RWBL,ARU
S03,3,SOSP,ARU
S03,3,EUST,ARU
S03,3,YEWA,ARU
S03,3,COYE,ARU
S03,3,AMCR,ARU
S03,3,WIFL,ARU
S03,4,AMGO,ARU
S03,4,RWBL,ARU
S03,4,WIFL,ARU
S03,4,AMCR,ARU
S03,4,CHSP,ARU
S03,4,YRWA,ARU
S03,4,SOSP,ARU
S03,4,AMRE,ARU
S03,4,CEDW,ARU
S03,4,NOCA,ARU
S03,4,YEWA,ARU
S03,4,COGR,ARU
S03,4,BCCH,ARU
S03,4,EAKI,ARU
S03,4,AMRO,ARU
S03,5,RWBL,ARU
S03,5,SWSP,ARU
S03,5,GRCA,ARU
S03,5,COYE,ARU
S03,5,AMCR,ARU
S03,5,EAKI,ARU
S03,5,WIFL,ARU
S03,5,SOSP,ARU
S03,5,AMRO,ARU
S03,5,AMGO,ARU
S04,3,RWBL,ARU
S04,3,SOSP,ARU
S04,3,CEDW,ARU
S04,3,GRCA,ARU
S04,3,YEWA,ARU
S04,3,REVI,ARU
S04,4,RWBL,ARU
S04,4,SOSP,ARU
S04,4,AMCR,ARU
S04,4,YEWA,ARU
S04,4,WAVI,ARU
S04,4,COYE,ARU
S04,5,RWBL,ARU
S04,5,SOSP,ARU
S04,5,EUST,ARU
S04,5,NOCA,ARU
S04,5,CEDW,ARU
S04,5,AMGO,ARU
S05,3,RWBL,ARU
S05,3,AMCR,ARU
S05,3,YEWA,ARU
S05,3,EUST,ARU
S05,3,SWSP,ARU
S05,3,SOSP,ARU
S05,3,NOCA,ARU
S05,4,EUST,ARU
S05,4,RWBL,ARU
S05,4,SOSP,ARU
S05,4,YEWA,ARU
S05,4,SWSP,ARU
S05,4,CEDW,ARU
S05,4,AMCR,ARU
S05,4,COGR,ARU
S05,4,AMRO,ARU
S05,5,YEWA,ARU
S05,5,SWSP,ARU
S05,5,RWBL,ARU
S05,5,MALL,ARU
S05,5,SOSP,ARU
S05,5,CEDW,ARU
S05,5,COGR,ARU
S05,5,CHSP,ARU
S05,5,MAWA,ARU
S06,3,REVI,ARU
S06,3,CHSP,ARU
S06,3,RWBL,ARU
S06,3,EUST,ARU
S06,3,AMGO,ARU
S06,3,AMCR,ARU
S06,3,SOSP,ARU
S06,3,NOCA,ARU
S06,3,CEDW,ARU
S06,3,ALFL,ARU
S06,3,YEWA,ARU
S06,4,SOSP,ARU
S06,4,RWBL,ARU
S06,4,EUST,ARU
S06,4,GRCA,ARU
S06,4,COYE,ARU
S06,4,AMGO,ARU
S06,4,CANG,ARU
S06,4,BCCH,ARU
S06,4,NOCA,ARU
S06,4,EAKI,ARU
S06,5,SOSP,ARU
S06,5,RWBL,ARU
S06,5,NOCA,ARU
S06,5,AMCR,ARU
S06,5,SWSP,ARU
S06,5,EAKI,ARU
S07,3,SOSP,ARU
S07,3,CORA,ARU
S07,3,RWBL,ARU
S07,3,BCCH,ARU
S07,3,CHSP,ARU
S07,3,NOCA,ARU
S07,3,COYE,ARU
S07,3,EAKI,ARU
S07,3,AMCR,ARU
S07,3,CEDW,ARU
S07,3,GRCA,ARU
S07,3,MODO,ARU
S07,3,AMRO,ARU
S07,3,CANG,ARU
S07,4,EUST,ARU
S07,4,AMCR,ARU
S07,4,RWBL,ARU
S07,4,YEWA,ARU
S07,4,AMRO,ARU
S07,4,SOSP,ARU
S07,4,COGR,ARU
S07,4,GRCA,ARU
S07,4,CARW,ARU
S07,5,CARW,ARU
S07,5,RWBL,ARU
S07,5,AMCR,ARU
S07,5,SOSP,ARU
S07,5,AMRO,ARU
S07,5,CEDW,ARU
S07,5,EAKI,ARU
S08,3,COGR,ARU
S08,3,WTSP,ARU
S08,3,AMRO,ARU
S08,3,MODO,ARU
S08,3,CHSP,ARU
S08,3,NOCA,ARU
S08,3,RWBL,ARU
S08,3,NOFL,ARU
S08,3,AMCR,ARU
S08,3,CEDW,ARU
S08,3,MALL,ARU
S08,3,BLJA,ARU
S08,3,EUST,ARU
S08,3,BCCH,ARU
S08,4,AMRO,ARU
S08,4,MODO,ARU
S08,4,AMCR,ARU
S08,4,COGR,ARU
S08,4,SOSP,ARU
S08,4,NOCA,ARU
S08,4,CHSP,ARU
S08,4,BCCH,ARU
S08,4,CORA,ARU
S08,4,MALL,ARU
S08,4,AMGO,ARU
S08,4,RWBL,ARU
S08,5,SOSP,ARU
S08,5,NOCA,ARU
S08,5,AMRO,ARU
S08,5,BCCH,ARU
S08,5,AMCR,ARU
S08,5,MODO,ARU
S08,5,CEDW,ARU
S08,5,AMGO,ARU
S08,5,BLJA,ARU
S09,3,RWBL,ARU
S09,3,AMCR,ARU
S09,3,AMRO,ARU
S09,3,AMRE,ARU
S09,3,BCCH,ARU
S09,3,COGR,ARU
S09,3,SOSP,ARU
S09,3,BCNH,ARU
S09,3,AMRO,ARU
S09,4,RWBL,ARU
S09,4,NOCA,ARU
S09,4,AMRO,ARU
S09,4,AMCR,ARU
S09,4,AMRE,ARU
S09,4,SOSP,ARU
S09,4,REVI,ARU
S09,4,COGR,ARU
S09,5,SOSP,ARU
S09,5,RWBL,ARU
S09,5,AMRO,ARU
S09,5,AMCR,ARU
S09,5,AMGO,ARU
S09,5,CEDW,ARU
S09,5,WBNU,ARU
S09,5,CARW,ARU
S10,3,AMCR,ARU
S10,3,SOSP,ARU
S10,3,COGR,ARU
S10,3,AMRO,ARU
S10,3,BCCH,ARU
S10,3,CEDW,ARU
S10,3,CARW,ARU
S10,3,CORA,ARU
S10,3,NOCA,ARU
S10,3,AMGO,ARU
S10,4,SOSP,ARU
S10,4,RWBL,ARU
S10,4,HOWR,ARU
S10,4,AMRO,ARU
S10,5,SOSP,ARU
S10,5,AMGO,ARU
S10,5,NOCA,ARU
S10,5,AMRO,ARU
S10,5,MODO,ARU
S10,5,PUFI,ARU
S10,5,BEKI,ARU
S10,5,COGR,ARU
S10,5,CEDW,ARU
S10,5,BCCH,ARU
S11,3,COGR,ARU
S11,3,RWBL,ARU
S11,3,EAKI,ARU
S11,3,AMCR,ARU
S11,3,CHSP,ARU
S11,3,NOCA,ARU
S11,3,COYE,ARU
S11,3,MALL,ARU
S11,4,RWBL,ARU
S11,4,COGR,ARU
S11,4,COYE,ARU
S11,4,AMRO,ARU
S11,4,NOCA,ARU
S11,4,SWSP,ARU
S11,4,CEDW,ARU
S11,5,SWSP,ARU
S11,5,RWBL,ARU
S11,5,COGR,ARU
S11,5,EUST,ARU
S11,5,CEDW,ARU
S11,5,COYE,ARU
S13,3,SWSP,ARU
S13,3,COYE,ARU
S13,3,RWBL,ARU
S13,3,YRWA,ARU
S13,3,CSWA,ARU
S13,3,VEER,ARU
S13,3,BCCH,ARU
S13,3,REVI,ARU
S13,3,AMGO,ARU
S13,4,MALL,ARU
S13,4,BCCH,ARU
S13,4,AMRE,ARU
S13,4,CANG,ARU
S13,4,AMWI,ARU
S13,4,SOSP,ARU
S13,4,AMCR,ARU
S13,4,RBGU,ARU
S13,4,AMCR,ARU
S13,4,COHA,ARU
S13,4,REVI,ARU
S13,4,SSHA,ARU
S13,4,NOCA,ARU
S13,5,AMCR,ARU
S13,5,MALL,ARU
S13,5,COHA,ARU
S13,5,AMRO,ARU
S13,5,SOSP,ARU
S13,5,COGR,ARU
S13,5,BCCH,ARU
S13,5,NOCA,ARU
S14,3,COYE,ARU
S14,3,RWBL,ARU
S14,3,YEWA,ARU
S14,3,AMRE,ARU
S14,3,BCCH,ARU
S14,3,WAVI,ARU
S14,3,COGR,ARU
S14,3,SWSP,ARU
S14,3,AMCR,ARU
S14,3,NOCA,ARU
S14,4,RWBL,ARU
S14,4,AMGO,ARU
S14,4,YEWA,ARU
S14,4,BCCH,ARU
S14,4,AMCR,ARU
S14,4,EUST,ARU
S14,4,AMRE,ARU
S14,4,SOSP,ARU
S18,3,COGR,ARU
S18,3,RWBL,ARU
S18,3,AMGO,ARU
S18,3,HOFI,ARU
S18,3,GRCA,ARU
S18,3,SOSP,ARU
S18,3,AMCR,ARU
S18,3,YEWA,ARU
S18,3,RBGU,ARU
S19,3,AMCR,ARU
S19,3,RBGR,ARU
S19,3,AMRO,ARU
S19,3,YEWA,ARU
S19,3,SOSP,ARU
S19,3,RWBL,ARU
S19,3,COGR,ARU
S19,3,BCCH,ARU
S19,3,CSWA,ARU
S19,3,AMGO,ARU
S19,3,WITU,ARU
S19,3,MALL,ARU
S19,3,RBGU,ARU
S19,3,TRES,ARU
S19,3,CEDW,ARU
S19,3,COYE,ARU
S19,3,NOFL,ARU
S19,3,BBCU,ARU
S19,4,BCCH,ARU
S19,4,SWSP,ARU
S19,4,RWBL,ARU
S19,4,COYE,ARU
S19,4,NOCA,ARU
S19,4,RBGU,ARU
S19,4,AMRO,ARU
S19,4,COGR,ARU
S19,4,SOSP,ARU
S19,4,WAVI,ARU
S19,4,AMCR,ARU
S19,4,EUST,ARU
S19,4,YEWA,ARU
S19,4,RBGR,ARU
S19,5,SOSP,ARU
S19,5,RWBL,ARU
S19,5,AMCR,ARU
S19,5,CHSP,ARU
S19,5,MALL,ARU
S19,5,COGR,ARU
S19,5,SWSP,ARU
S19,5,YEWA,ARU
S19,5,NOCA,ARU
S19,5,AMGO,ARU
S19,5,BLJA,ARU
S20,3,AMGO,ARU
S20,3,COGR,ARU
S20,3,AMRO,ARU
S20,3,SOSP,ARU
S20,3,RWBL,ARU
S20,3,BCCH,ARU
S20,3,MALL,ARU
S20,3,AMCR,ARU
S20,4,RWBL,ARU
S20,4,NOCA,ARU
S20,4,COGR,ARU
S20,4,CHSP,ARU
S20,4,AMGO,ARU
S20,5,SOSP,ARU
S20,5,RWBL,ARU
S20,5,NOCA,ARU
S20,5,GRCA,ARU
S21,3,RWBL,ARU
S21,3,AMRO,ARU
S21,3,BCCH,ARU
S21,3,RBGU,ARU
S21,3,AMCR,ARU
S21,3,NOCA,ARU
S21,3,DOWO,ARU
S21,3,CORA,ARU
S21,4,RWBL,ARU
S21,4,WAVI,ARU
S21,4,NOCA,ARU
S21,4,AMRO,ARU
S21,5,RWBL,ARU
S21,5,AMGO,ARU
S21,5,RBGU,ARU
S21,5,AMCR,ARU
S21,5,WBNU,ARU
S23,3,AMRO,ARU
S23,3,AMCR,ARU
S23,3,SOSP,ARU
S23,3,BCCH,ARU
S23,3,HOWR,ARU
S23,3,BLJA,ARU
S23,3,CEDW,ARU
S23,3,MOWA,ARU
S23,3,SWSP,ARU
S23,3,WITU,ARU
S23,3,GCFL,ARU
S23,3,RBGR,ARU
S23,3,YBSA,ARU
S23,4,EAWP,ARU
S23,4,AMCR,ARU
S23,4,SOSP,ARU
S23,4,GCFL,ARU
S23,4,AMRO,ARU
S23,4,CEDW,ARU
S23,4,AMRE,ARU
S23,4,BCCH,ARU
S23,5,SOSP,ARU
S23,5,COYE,ARU
S23,5,AMCR,ARU
S23,5,AMRO,ARU
S23,5,GRCA,ARU
S23,5,YRWA,ARU
S27,3,RWBL,ARU
S27,3,COYE,ARU
S27,3,SOSP,ARU
S27,3,AMCR,ARU
S27,3,WBNU,ARU
S27,3,RBGR,ARU
S27,3,YEWA,ARU
S27,3,CEDW,ARU
S27,3,BCCH,ARU
S27,3,NOCA,ARU
S27,4,RWBL,ARU
S27,4,SOSP,ARU
S27,4,EAPH,ARU
S27,4,YBSA,ARU
S27,4,COYE,ARU
S27,4,AMCR,ARU
S27,4,AMGO,ARU
S27,4,CEDW,ARU
S27,4,BLJA,ARU
S27,4,BCCH,ARU
S27,4,GRCA,ARU
S27,4,RBGU,ARU
S27,4,BHCO,ARU
W06,3,VEER,ARU
W06,3,BCCH,ARU
W06,3,COYE,ARU
W06,3,AMRO,ARU
W06,3,CANG,ARU
W06,3,AMGO,ARU
W06,3,ALFL,ARU
W06,3,YEWA,ARU
W06,3,AMCR,ARU
W06,3,SWSP,ARU
W06,3,CEDW,ARU
W06,3,RWBL,ARU
W06,3,NOFL,ARU
W06,3,COGR,ARU
W06,4,AMRO,ARU
W06,4,VEER,ARU
W06,4,COYE,ARU
W06,4,SWSP,ARU
W06,4,RWBL,ARU
W06,4,RBGR,ARU
W06,4,BCCH,ARU
W06,4,AMRE,ARU
W06,4,YEWA,ARU
W06,4,CSWA,ARU
W06,5,COYE,ARU
W06,5,SWSP,ARU
W06,5,MALL,ARU
W06,5,GRCA,ARU
W06,5,RWBL,ARU
W06,5,VEER,ARU
W06,5,AMRO,ARU
W06,5,MODO,ARU
W27,3,AMRE,ARU
W27,3,COYE,ARU
W27,3,WAVI,ARU
W27,3,RWBL,ARU
W27,3,GCFL,ARU
W27,3,YEWA,ARU
W27,3,SOSP,ARU
W27,3,PUFI,ARU
W27,3,GRHE,ARU
W27,3,AMRO,ARU
W27,3,EAKI,ARU
W27,3,GBHE,ARU
W23,3,RWBL,ARU
W23,3,COGR,ARU
W23,3,EAKI,ARU
W23,3,MALL,ARU
W23,3,COYE,ARU
W23,3,SOSP,ARU
W23,3,CHSP,ARU
W23,3,YEWA,ARU
W23,3,TRES,ARU
W23,3,AMCR,ARU
W23,3,SWSP,ARU
W23,3,CANG,ARU
W23,3,AMRO,ARU
W23,4,RWBL,ARU
W23,4,EAKI,ARU
W23,4,BCCH,ARU
W23,4,SWSP,ARU
W23,4,AMGO,ARU
W23,4,AMRO,ARU
W23,4,YEWA,ARU
W23,4,AMCR,ARU
W23,4,COGR,ARU
W23,4,MALL,ARU
W23,4,WAVI,ARU
W23,4,COYE,ARU
W23,5,SWSP,ARU
W23,5,RWBL,ARU
W23,5,COGR,ARU
W23,5,CEDW,ARU
W23,5,MALL,ARU
W23,5,SOSP,ARU
W23,5,NOCA,ARU
W23,5,CHSP,ARU
W23,5,YEWA,ARU
W23,5,AMRO,ARU
W23,5,AMGO,ARU
W23,5,COYE,ARU
W07,3,CEDW,ARU
W07,3,NOCA,ARU
W07,3,GRCA,ARU
W07,3,AMCR,ARU
W07,3,AMGO,ARU
W07,3,RWBL,ARU
W07,3,SOSP,ARU
W07,3,YEWA,ARU
W07,3,COYE,ARU
W07,3,CANG,ARU
W07,3,MALL,ARU
W07,3,BCCH,ARU
W07,4,AMRO,ARU
W07,4,CEDW,ARU
W07,4,YEWA,ARU
W07,4,AMRE,ARU
W07,4,SOSP,ARU
W07,4,COYE,ARU
W07,4,AMCR,ARU
W05,3,RWBL,ARU
W05,3,AMCR,ARU
W05,3,COYE,ARU
W05,3,SWSP,ARU
W05,3,AMRE,ARU
W05,3,YEWA,ARU
W05,3,ALFL,ARU
W05,3,VIRA,ARU
W05,3,RBGR,ARU
W05,3,CEDW,ARU
W05,3,NOFL,ARU
W05,3,MODO,ARU
W05,3,COGR,ARU
W05,3,GRHE,ARU
W05,4,SOSP,ARU
W05,4,COYE,ARU
W05,4,SWSP,ARU
W05,4,AMCR,ARU
W05,4,YRWA,ARU
W05,4,YEWA,ARU
W05,4,RWBL,ARU
W05,4,NOCA,ARU
W05,4,BAWW,ARU
W05,4,COGR,ARU
W05,4,ALFL,ARU
W05,4,EAKI,ARU
W05,4,AMGO,ARU
W05,4,VIRA,ARU
W05,4,CEDW,ARU
W05,4,LEBI,ARU
W05,5,COGR,ARU
W05,5,RWBL,ARU
W05,5,SWSP,ARU
W05,5,MODO,ARU
W19,3,VEER,ARU
W19,3,YBSA,ARU
W19,3,REVI,ARU
W19,3,EAWP,ARU
W19,3,RWBL,ARU
W19,3,COYE,ARU
W19,3,CEDW,ARU
W19,3,SWSP,ARU
W19,3,CANG,ARU
W19,3,RBGR,ARU
W19,3,MODO,ARU
W19,3,WBNU,ARU
W19,3,YRWA,ARU
W19,3,GRCA,ARU
W19,3,WOTH,ARU
W19,3,BCCH,ARU
W19,4,GRHE,ARU
W19,4,VEER,ARU
W19,4,AMRO,ARU
W19,4,YRWA,ARU
W19,4,COYE,ARU
W19,4,HETH,ARU
W19,4,RWBL,ARU
W19,4,MODO,ARU
W19,4,YBSA,ARU
W19,4,SCTA,ARU
W19,4,AMGO,ARU
W19,5,SWSP,ARU
W19,5,COYE,ARU
W19,5,YEWA,ARU
W19,5,MODO,ARU
W19,5,YBSA,ARU
W19,5,AMGO,ARU
W19,5,YRWA,ARU
W19,5,AMRO,ARU
W19,5,VEER,ARU
W19,5,WBNU,ARU
W19,5,CEDW,ARU
W11,3,CANG,ARU
W11,3,YEWA,ARU
W11,3,RWBL,ARU
W11,3,COYE,ARU
W11,3,WOTH,ARU
W11,3,SOSP,ARU
W11,3,NOCA,ARU
W11,3,VEER,ARU
W11,3,AMGO,ARU
W11,3,CORA,ARU
W11,3,WISN,ARU
W11,3,SWSP,ARU
W11,4,SWSP,ARU
W11,4,BCNH,ARU
W11,4,WAVI,ARU
W11,4,AMRO,ARU
W11,4,RWBL,ARU
W11,4,SOSP,ARU
W11,4,AMRE,ARU
W11,4,CHSP,ARU
W11,4,YEWA,ARU
W11,4,EAKI,ARU
W11,4,BBCU,ARU
W11,4,CEDW,ARU
W11,4,COYE,ARU
W11,5,EAWP,ARU
W11,5,WOTH,ARU
W11,5,SWSP,ARU
W11,5,AMRO,ARU
W11,5,BCCH,ARU
W11,5,VEER,ARU
W11,5,SORA,ARU
W11,5,RWBL,ARU
W11,5,COYE,ARU
W20,3,WTSP,ARU
W20,3,WODU,ARU
W20,3,EAKI,ARU
W20,3,REVI,ARU
W20,3,VEER,ARU
W20,3,AMRO,ARU
W20,3,SOSP,ARU
W20,3,COYE,ARU
W20,3,BCCH,ARU
W20,3,AMGO,ARU
W20,4,RBGR,ARU
W20,4,CEDW,ARU
W20,4,AMCR,ARU
W20,4,COYE,ARU
W20,4,RWBL,ARU
W20,4,SOSP,ARU
W20,4,PUFI,ARU
W20,4,BLJA,ARU
W20,4,GRCA,ARU
W20,4,MODO,ARU
W20,4,AMGO,ARU
W20,4,BCCH,ARU
W24,3,REVI,ARU
W24,3,BCCH,ARU
W24,3,COYE,ARU
W24,3,CEDW,ARU
W24,3,EAWP,ARU
W24,3,SWSP,ARU
W24,3,GRCA,ARU
W24,3,RWBL,ARU
W24,3,RBGR,ARU
W24,3,WISN,ARU
W24,3,PIWA,ARU
W24,3,HAWO,ARU
W24,3,CARW,ARU
W24,3,MODO,ARU
W24,3,AMRE,ARU
W24,3,AMCR,ARU
W24,4,BCCH,ARU
W24,4,PAWA,ARU
W24,4,REVI,ARU
W24,4,EAWP,ARU
W24,4,COYE,ARU
W24,4,RWBL,ARU
W24,4,BHCO,ARU
W24,4,MODO,ARU
W24,4,BHVI,ARU
W24,5,SWSP,ARU
W24,5,COYE,ARU
W24,5,SOSP,ARU
W24,5,PIWA,ARU
W24,5,EAPH,ARU
W24,5,EAWP,ARU
W24,5,MODO,ARU
W24,5,AMRE,ARU
W24,5,RBGR,ARU
W24,5,VEER,ARU
W24,5,AMRO,ARU
W25,3,BCCH,ARU
W25,3,AMRO,ARU
W25,3,REVI,ARU
W25,3,GCFL,ARU
W25,3,EAWP,ARU
W25,3,AMCR,ARU
W25,3,WBNU,ARU
W25,3,CHSP,ARU
W25,3,BAWW,ARU
W25,3,CEDW,ARU
W25,3,WOTH,ARU
W25,4,VEER,ARU
W25,4,BHVI,ARU
W25,4,EAWP,ARU
W25,4,SWSP,ARU
W25,4,BLJA,ARU
W25,4,COYE,ARU
W25,4,AMRO,ARU
W25,4,MALL,ARU
W25,5,WBNU,ARU
W25,5,BCCH,ARU
W25,5,PIWA,ARU
W25,5,VEER,ARU
W25,5,SWSP,ARU
W25,5,EAWP,ARU
W25,5,BHVI,ARU
W25,5,AMRE,ARU
W25,5,BWWA,ARU
W25,5,SOSP,ARU
W26,3,REVI,ARU
W26,3,EAWP,ARU
W26,3,RBGR,ARU
W26,3,AMCR,ARU
W26,3,HETH,ARU
W26,3,PIWA,ARU
W26,3,CANG,ARU
W26,3,AMRO,ARU
W26,3,CEDW,ARU
W26,3,AMGO,ARU
W26,3,VEER,ARU
W26,4,BHVI,ARU
W26,4,SCTA,ARU
W26,4,BCCH,ARU
W26,4,RBGR,ARU
W26,4,HETH,ARU
W26,4,REVI,ARU
W26,4,PAWA,ARU
W26,4,CEDW,ARU
W26,4,VEER,ARU
